,Image,K=10,K=9,K=8,K=7,K=6,K=5,K=4,K=3,K=2
0,MB16CC001,0,0,0,6,0,0,0,2,1
1,MB16CC001,5,7,2,5,2,3,1,0,0
2,MB16CC001,9,2,2,2,2,2,1,0,0
3,MB16CC001,2,1,5,0,1,1,2,1,0
4,MB16CC001,7,6,1,4,4,1,2,1,0
5,MB16CC001,2,1,5,0,1,1,2,1,0
6,MB16CC001,8,0,0,6,0,0,0,2,1
7,MB16CC001,2,1,5,0,1,1,2,1,0
8,MB16CC001,2,1,5,0,1,1,2,1,0
9,MB16CC001,2,1,5,0,1,1,2,1,0
10,MB16CC001,8,0,0,6,0,0,0,2,1
11,MB16CC001,2,1,5,0,1,1,2,1,0
12,MB16CC001,2,1,5,0,1,1,2,1,0
13,MB16CC001,1,4,4,5,4,3,1,1,0
14,MB16CC001,2,1,5,0,1,1,2,1,0
15,MB16CC001,2,1,5,0,1,1,2,1,0
16,MB16CC001,2,1,5,0,1,1,2,1,0
17,MB16CC001,6,3,3,1,5,4,3,2,1
18,MB16CC001,2,1,5,0,1,1,2,1,0
19,MB16CC001,1,4,4,4,4,3,1,1,0
20,MB16CC001,6,3,3,3,5,4,3,2,1
21,MB16CC001,2,1,5,0,1,1,2,1,0
22,MB16CC001,2,1,5,0,1,1,2,1,0
23,MB16CC001,2,1,5,0,1,1,2,1,0
24,MB16CC001,2,1,5,0,1,1,2,1,0
25,MB16CC001,2,1,5,0,1,1,2,1,0
26,MB16CC001,2,1,5,0,1,1,2,1,0
27,MB16CC001,1,4,1,4,4,3,2,1,0
28,MB16CC001,2,1,5,0,1,1,2,1,0
29,MB16CC001,2,1,5,0,1,1,2,1,0
30,MB16CC002,0,0,0,6,0,0,0,2,1
31,MB16CC002,2,1,5,0,1,1,2,1,0
32,MB16CC002,2,1,5,0,1,1,2,1,0
33,MB16CC002,7,6,1,4,4,1,2,1,0
34,MB16CC002,5,7,4,5,2,3,1,0,0
35,MB16CC002,5,7,2,5,2,3,1,0,0
36,MB16CC002,5,7,2,2,2,3,1,0,0
37,MB16CC002,2,1,5,0,1,1,2,1,0
38,MB16CC002,8,5,6,6,0,0,0,2,1
39,MB16CC002,1,4,4,5,4,3,1,1,0
40,MB16CC002,8,0,0,6,0,0,0,2,1
41,MB16CC002,3,8,7,3,3,2,3,0,1
42,MB16CC002,0,0,0,6,0,0,0,2,1
43,MB16CC002,2,1,5,0,1,1,2,1,0
44,MB16CC002,5,7,2,2,2,3,1,0,0
45,MB16CC002,2,1,5,0,1,1,2,1,0
46,MB16CC002,2,1,5,0,1,1,2,1,0
47,MB16CC002,3,8,7,3,3,2,3,0,1
48,MB16CC002,4,3,3,1,5,4,3,2,1
49,MB16CC002,2,1,5,0,1,1,2,1,0
50,MB16CC002,5,7,2,5,2,3,1,0,0
51,MB16CC002,2,1,5,0,1,1,2,1,0
52,MB16CC002,2,1,5,0,1,1,2,1,0
53,MB16CC002,4,5,6,1,5,4,3,2,1
54,MB16CC002,5,7,2,2,2,3,1,0,0
55,MB16CC002,4,5,6,1,5,4,3,2,1
56,MB16CC002,0,0,0,6,0,0,0,2,1
57,MB16CC002,2,1,5,0,1,1,2,1,0
58,MB16CC002,6,3,3,3,3,4,3,2,1
59,MB16CC002,0,0,0,6,0,0,0,2,1
60,MB16CC003,2,1,5,0,1,1,2,1,0
61,MB16CC003,2,1,5,0,1,1,2,1,0
62,MB16CC003,9,2,2,2,2,2,1,0,0
63,MB16CC003,5,7,2,2,2,3,1,0,0
64,MB16CC003,2,1,5,0,1,1,2,1,0
65,MB16CC003,1,4,4,5,4,3,1,0,0
66,MB16CC003,1,4,4,5,4,3,1,1,0
67,MB16CC003,9,2,2,2,2,2,1,0,0
68,MB16CC003,5,7,4,5,4,3,1,0,0
69,MB16CC003,7,6,1,4,4,1,2,1,0
70,MB16CC003,5,2,2,2,2,3,1,0,0
71,MB16CC003,2,1,5,0,1,1,2,1,0
72,MB16CC003,2,1,5,0,1,1,2,1,0
73,MB16CC003,2,1,5,0,1,1,2,1,0
74,MB16CC003,7,6,1,4,1,1,2,1,0
75,MB16CC003,5,7,2,5,2,3,1,0,0
76,MB16CC003,4,5,6,1,5,4,3,2,1
77,MB16CC003,8,0,0,6,0,0,0,2,1
78,MB16CC003,0,0,0,6,0,0,0,2,1
79,MB16CC003,8,0,0,6,0,0,0,2,1
80,MB16CC003,3,8,7,3,3,2,3,0,1
81,MB16CC003,6,3,3,3,3,4,3,2,1
82,MB16CC003,0,0,0,6,0,0,0,2,1
83,MB16CC003,3,8,7,3,3,2,3,0,1
84,MB16CC003,2,1,5,0,1,1,2,1,0
85,MB16CC003,0,0,0,6,0,0,0,2,1
86,MB16CC003,2,1,5,0,1,1,2,1,0
87,MB16CC003,5,7,2,5,2,3,1,0,0
88,MB16CC003,9,2,2,2,2,2,1,0,0
89,MB16CC003,2,1,5,0,1,1,2,1,0
90,MB16CC004,0,0,0,6,0,0,0,2,1
91,MB16CC004,2,1,5,0,1,1,2,1,0
92,MB16CC004,7,6,1,4,1,1,2,1,0
93,MB16CC004,8,0,0,6,0,0,0,2,1
94,MB16CC004,5,2,2,2,2,3,1,0,0
95,MB16CC004,7,6,1,0,1,1,2,1,0
96,MB16CC004,2,1,5,0,1,1,2,1,0
97,MB16CC004,4,5,6,1,5,4,0,2,1
98,MB16CC004,0,0,0,6,0,0,0,2,1
99,MB16CC004,1,4,4,4,4,3,1,1,0
100,MB16CC004,0,0,0,6,0,0,0,2,1
101,MB16CC004,5,7,2,5,2,3,1,0,0
102,MB16CC004,4,5,6,1,5,4,0,2,1
103,MB16CC004,1,4,1,4,4,3,2,1,0
104,MB16CC004,7,6,1,4,1,1,2,1,0
105,MB16CC004,2,1,5,0,1,1,2,1,0
106,MB16CC004,2,1,5,0,1,1,2,1,0
107,MB16CC004,2,1,5,0,1,1,2,1,0
108,MB16CC004,2,1,5,0,1,1,2,1,0
109,MB16CC004,0,0,0,6,0,0,0,2,1
110,MB16CC004,2,1,5,0,1,1,2,1,0
111,MB16CC004,9,2,2,2,2,2,1,0,0
112,MB16CC004,7,6,1,4,4,1,2,1,0
113,MB16CC004,3,8,7,3,3,2,3,0,1
114,MB16CC004,1,4,4,5,4,3,1,0,0
115,MB16CC004,0,0,0,6,0,0,0,2,1
116,MB16CC004,7,6,1,4,1,1,2,1,0
117,MB16CC004,3,8,7,3,3,2,3,0,1
118,MB16CC004,0,0,0,6,0,0,0,2,1
119,MB16CC004,2,1,5,0,1,1,2,1,0
120,MB16CC005,2,1,5,0,1,1,2,1,0
121,MB16CC005,2,1,5,0,1,1,2,1,0
122,MB16CC005,2,1,5,0,1,1,2,1,0
123,MB16CC005,2,1,5,0,1,1,2,1,0
124,MB16CC005,2,1,5,0,1,1,2,1,0
125,MB16CC005,1,4,4,5,4,3,1,1,0
126,MB16CC005,2,1,5,0,1,1,2,1,0
127,MB16CC005,2,1,5,0,1,1,2,1,0
128,MB16CC005,2,1,5,0,1,1,2,1,0
129,MB16CC005,2,1,5,0,1,1,2,1,0
130,MB16CC005,2,1,5,0,1,1,2,1,0
131,MB16CC005,2,1,5,0,1,1,2,1,0
132,MB16CC005,1,4,4,5,4,3,1,0,0
133,MB16CC005,2,1,5,0,1,1,2,1,0
134,MB16CC005,1,4,4,5,4,3,1,1,0
135,MB16CC005,2,1,5,0,1,1,2,1,0
136,MB16CC005,2,1,5,0,1,1,2,1,0
137,MB16CC005,1,4,4,5,4,3,1,1,0
138,MB16CC005,7,6,1,4,1,1,2,1,0
139,MB16CC005,2,1,5,0,1,1,2,1,0
140,MB16CC005,9,2,2,2,2,2,1,0,0
141,MB16CC005,0,0,0,6,0,0,0,2,1
142,MB16CC005,2,1,5,0,1,1,2,1,0
143,MB16CC005,3,8,7,3,3,2,3,0,1
144,MB16CC005,2,1,5,0,1,1,2,1,0
145,MB16CC005,7,6,1,4,4,3,2,1,0
146,MB16CC005,2,1,5,0,1,1,2,1,0
147,MB16CC005,2,1,5,0,1,1,2,1,0
148,MB16CC005,2,1,5,0,1,1,2,1,0
149,MB16CC005,2,1,5,0,1,1,2,1,0
150,MB16CC005,2,1,5,0,1,1,2,1,0
151,MB16CC005,2,1,5,0,1,1,2,1,0
152,MB16CC005,5,7,2,5,2,3,1,0,0
153,MB16CC005,2,1,5,0,1,1,2,1,0
154,MB16CC005,2,1,5,0,1,1,2,1,0
155,MB16CC005,7,6,1,4,4,3,2,1,0
156,MB16CC005,2,1,5,0,1,1,2,1,0
157,MB16CC005,2,1,5,0,1,1,2,1,0
158,MB16CC005,2,1,5,0,1,1,2,1,0
159,MB16CC005,2,1,5,0,1,1,2,1,0
160,MB16CC005,2,1,5,0,1,1,2,1,0
161,MB16CC005,7,6,1,4,1,1,2,1,0
162,MB16CC006,2,1,5,0,1,1,2,1,0
163,MB16CC006,2,1,5,0,1,1,2,1,0
164,MB16CC006,5,7,4,5,4,3,1,0,0
165,MB16CC006,2,1,5,0,1,1,2,1,0
166,MB16CC006,9,2,2,2,2,2,1,0,0
167,MB16CC006,2,1,5,0,1,1,2,1,0
168,MB16CC006,2,1,5,0,1,1,2,1,0
169,MB16CC006,7,6,1,4,1,1,2,1,0
170,MB16CC006,2,1,5,0,1,1,2,1,0
171,MB16CC006,2,1,5,0,1,1,2,1,0
172,MB16CC006,2,1,5,0,1,1,2,1,0
173,MB16CC006,2,1,5,0,1,1,2,1,0
174,MB16CC006,2,1,5,0,1,1,2,1,0
175,MB16CC006,2,1,5,0,1,1,2,1,0
176,MB16CC006,2,1,5,0,1,1,2,1,0
177,MB16CC007,2,1,5,0,1,1,2,1,0
178,MB16CC007,2,1,5,0,1,1,2,1,0
179,MB16CC007,2,1,5,0,1,1,2,1,0
180,MB16CC007,4,5,6,1,5,4,0,2,1
181,MB16CC007,8,5,6,6,0,0,0,2,1
182,MB16CC007,2,1,5,0,1,1,2,1,0
183,MB16CC007,2,1,5,0,1,1,2,1,0
184,MB16CC007,1,4,1,4,4,3,2,1,0
185,MB16CC007,0,0,0,6,0,0,0,2,1
186,MB16CC007,2,1,5,0,1,1,2,1,0
187,MB16CC007,2,1,5,0,1,1,2,1,0
188,MB16CC007,0,0,0,6,0,0,0,2,1
189,MB16CC007,0,0,0,6,0,0,0,2,1
190,MB16CC007,2,1,5,0,1,1,2,1,0
191,MB16CC007,2,1,5,0,1,1,2,1,0
192,MB16CC007,2,1,5,0,1,1,2,1,0
193,MB16CC007,2,1,5,0,1,1,2,1,0
194,MB16CC007,2,1,5,0,1,1,2,1,0
195,MB16CC007,1,4,1,4,4,3,2,1,0
196,MB16CC007,2,1,5,0,1,1,2,1,0
197,MB16CC007,0,0,0,6,0,0,0,2,1
198,MB16CC007,2,1,5,0,1,1,2,1,0
199,MB16CC007,7,6,1,4,1,1,2,1,0
200,MB16CC007,3,8,7,3,3,2,3,0,1
201,MB16CC007,0,0,0,6,0,0,0,2,1
202,MB16CC007,7,6,1,4,1,1,2,1,0
203,MB16CC007,2,1,5,0,1,1,2,1,0
204,MB16CC007,2,1,5,0,1,1,2,1,0
205,MB16CC007,2,1,5,0,1,1,2,1,0
206,MB16CC007,2,1,5,0,1,1,2,1,0
207,MB16CC008,5,7,2,5,2,3,1,0,0
208,MB16CC008,8,0,0,6,0,0,0,2,1
209,MB16CC008,0,0,0,6,0,0,0,2,1
210,MB16CC008,0,0,0,6,0,0,0,2,1
211,MB16CC008,6,3,3,1,5,4,3,2,1
212,MB16CC008,0,0,0,6,0,0,0,2,1
213,MB16CC008,8,5,6,6,0,0,0,2,1
214,MB16CC008,0,0,0,6,0,0,0,2,1
215,MB16CC008,2,1,5,0,1,1,2,1,0
216,MB16CC008,6,3,3,1,5,4,3,2,1
217,MB16CC008,5,7,2,2,2,3,1,0,0
218,MB16CC008,2,1,5,0,1,1,2,1,0
219,MB16CC008,0,0,0,6,0,0,0,2,1
220,MB16CC008,0,0,0,6,0,0,0,2,1
221,MB16CC008,2,1,5,0,1,1,2,1,0
222,MB16CC008,9,2,2,2,2,2,1,0,0
223,MB16CC008,7,6,1,4,1,1,2,1,0
224,MB16CC008,2,1,5,0,1,1,2,1,0
225,MB16CC008,8,0,0,6,0,0,0,2,1
226,MB16CC008,9,2,2,2,2,2,1,0,0
227,MB16CC008,2,1,5,0,1,1,2,1,0
228,MB16CC008,2,1,5,0,1,1,2,1,0
229,MB16CC008,7,6,1,4,4,1,2,1,0
230,MB16CC008,8,0,0,6,0,0,0,2,1
231,MB16CC008,2,1,5,0,1,1,2,1,0
232,MB16CC008,8,5,6,6,0,0,0,2,1
233,MB16CC008,1,4,4,5,4,3,1,1,0
234,MB16CC008,0,0,0,6,0,0,0,2,1
235,MB16CC008,8,5,6,6,0,0,0,2,1
236,MB16CC008,2,1,5,0,1,1,2,1,0
237,MB16CC008,0,0,0,6,0,0,0,2,1
238,MB16CC009,3,8,7,3,3,2,3,0,1
239,MB16CC009,3,8,7,3,3,2,3,0,1
240,MB16CC009,3,8,7,3,3,2,3,0,1
241,MB16CC009,5,7,2,2,2,3,1,0,0
242,MB16CC009,2,1,5,0,1,1,2,1,0
243,MB16CC009,2,1,5,0,1,1,2,1,0
244,MB16CC009,2,1,5,0,1,1,2,1,0
245,MB16CC009,3,8,7,3,3,2,3,0,1
246,MB16CC009,9,2,7,2,2,2,1,0,0
247,MB16CC009,8,0,0,6,0,0,0,2,1
248,MB16CC009,0,0,0,6,0,0,0,2,1
249,MB16CC009,0,0,0,6,0,0,0,2,1
250,MB16CC009,5,2,2,2,2,3,1,0,0
251,MB16CC009,2,1,5,0,1,1,2,1,0
252,MB16CC009,4,5,3,1,5,4,3,2,1
253,MB16CC009,4,3,3,1,5,4,3,2,1
254,MB16CC009,9,2,2,2,2,2,1,0,0
255,MB16CC009,8,5,6,1,5,0,0,2,1
256,MB16CC009,0,0,0,6,0,0,0,2,1
257,MB16CC009,7,6,5,0,1,1,2,1,0
258,MB16CC009,2,1,5,0,1,1,2,1,0
259,MB16CC009,8,0,0,6,0,0,0,2,1
260,MB16CC009,7,6,1,4,1,1,2,1,0
261,MB16CC009,6,3,3,3,3,4,3,0,1
262,MB16CC009,5,7,4,5,2,3,1,0,0
263,MB16CC009,2,1,5,0,1,1,2,1,0
264,MB16CC009,8,0,0,6,0,0,0,2,1
265,MB16CC009,6,3,3,1,5,4,3,2,1
266,MB16CC009,1,4,4,5,4,3,1,1,0
267,MB16CC009,8,0,0,6,0,0,0,2,1
268,MB16CC009,2,1,5,0,1,1,2,1,0
269,MB16CC009,3,8,7,3,3,2,3,0,1
270,MB16CC010,2,1,5,0,1,1,2,1,0
271,MB16CC010,5,7,2,2,2,3,1,0,0
272,MB16CC010,6,3,3,3,3,4,3,0,1
273,MB16CC010,0,0,0,6,0,0,0,2,1
274,MB16CC010,3,8,7,3,3,2,3,0,1
275,MB16CC010,2,1,5,0,1,1,2,1,0
276,MB16CC010,2,1,5,0,1,1,2,1,0
277,MB16CC010,2,1,5,0,1,1,2,1,0
278,MB16CC010,0,0,0,6,0,0,0,2,1
279,MB16CC010,0,0,0,6,0,0,0,2,1
280,MB16CC010,2,1,5,0,1,1,2,1,0
281,MB16CC010,8,0,0,6,0,0,0,2,1
282,MB16CC010,1,4,1,4,4,3,2,1,0
283,MB16CC010,2,1,5,0,1,1,2,1,0
284,MB16CC010,2,1,5,0,1,1,2,1,0
285,MB16CC010,2,1,5,0,1,1,2,1,0
286,MB16CC010,7,6,1,4,1,1,2,1,0
287,MB16CC010,7,6,1,4,1,1,2,1,0
288,MB16CC010,0,0,0,6,0,0,0,2,1
289,MB16CC010,6,3,3,3,3,4,3,0,1
290,MB16CC010,2,1,5,0,1,1,2,1,0
291,MB16CC010,9,2,2,2,2,2,1,0,0
292,MB16CC010,9,2,2,2,2,2,1,0,0
293,MB16CC010,6,3,3,3,3,4,3,2,1
294,MB16CC010,1,4,4,5,4,3,1,1,0
295,MB16CC010,2,1,5,0,1,1,2,1,0
296,MB16CC010,4,5,6,1,5,4,0,2,1
297,MB16CC010,7,6,1,4,1,1,2,1,0
298,MB16CC010,2,1,5,0,1,1,2,1,0
299,MB16CC010,2,1,5,0,1,1,2,1,0
300,MB16CC010,0,0,0,6,0,0,0,2,1
301,MB16CC010,7,6,1,4,1,1,2,1,0
302,MB16CC010,0,0,0,6,0,0,0,2,1
303,MB16CC010,2,1,5,0,1,1,2,1,0
304,MB16CC010,2,1,5,0,1,1,2,1,0
305,MB16CC010,2,1,5,0,1,1,2,1,0
306,MB16CC010,2,1,5,0,1,1,2,1,0
307,MB16CC010,7,6,1,4,4,1,2,1,0
308,MB16CC010,0,0,0,6,0,0,0,2,1
309,MB16CC010,8,0,0,6,0,0,0,2,1
310,MB16CC010,0,0,0,6,0,0,0,2,1
311,MB16CC010,7,6,1,4,1,1,2,1,0
312,MB16CC010,2,1,5,0,1,1,2,1,0
313,MB16CC010,3,8,7,3,3,2,3,0,1
314,MB16CC010,5,7,2,5,2,3,1,0,0
315,MB16CC011,2,1,5,0,1,1,2,1,0
316,MB16CC011,2,1,5,0,1,1,2,1,0
317,MB16CC011,2,1,5,0,1,1,2,1,0
318,MB16CC011,2,1,5,0,1,1,2,1,0
319,MB16CC011,2,1,5,0,1,1,2,1,0
320,MB16CC011,2,1,5,0,1,1,2,1,0
321,MB16CC011,4,5,6,1,5,4,0,2,1
322,MB16CC011,2,1,5,0,1,1,2,1,0
323,MB16CC011,2,1,5,0,1,1,2,1,0
324,MB16CC011,0,0,0,6,0,0,0,2,1
325,MB16CC011,1,4,1,4,4,3,2,1,0
326,MB16CC011,2,1,5,0,1,1,2,1,0
327,MB16CC011,2,1,5,0,1,1,2,1,0
328,MB16CC011,2,1,5,0,1,1,2,1,0
329,MB16CC011,4,5,6,1,5,4,0,2,1
330,MB16CC011,2,1,5,0,1,1,2,1,0
331,MB16CC011,3,8,7,3,3,2,3,0,1
332,MB16CC011,8,0,0,6,0,0,0,2,1
333,MB16CC011,6,3,3,3,3,4,3,0,1
334,MB16CC011,8,0,0,6,0,0,0,2,1
335,MB16CC011,8,0,0,6,0,0,0,2,1
336,MB16CC011,0,0,0,6,0,0,0,2,1
337,MB16CC011,2,1,5,0,1,1,2,1,0
338,MB16CC011,2,1,5,0,1,1,2,1,0
339,MB16CC011,4,5,6,1,5,4,0,2,1
340,MB16CC011,4,5,6,1,5,4,0,2,1
341,MB16CC011,2,1,5,0,1,1,2,1,0
342,MB16CC011,1,4,1,4,4,3,2,1,0
343,MB16CC011,8,0,0,6,0,0,0,2,1
344,MB16CC011,9,2,7,2,3,2,3,0,1
345,MB16CC011,3,8,7,3,3,2,3,0,1
346,MB16CC011,3,8,3,3,3,4,3,0,1
347,MB16CC011,2,1,5,0,1,1,2,1,0
348,MB16CC011,2,1,5,0,1,1,2,1,0
349,MB16CC011,7,6,5,0,1,1,2,1,0
350,MB16CC011,8,0,0,6,0,0,0,2,1
351,MB16CC011,2,1,5,0,1,1,2,1,0
352,MB16CC011,2,1,5,0,1,1,2,1,0
353,MB16CC011,2,1,5,0,1,1,2,1,0
354,MB16CC011,2,1,5,0,1,1,2,1,0
355,MB16CC011,9,2,2,2,2,2,1,0,0
356,MB16CC011,2,1,5,0,1,1,2,1,0
357,MB16CC011,2,1,5,0,1,1,2,1,0
358,MB16CC011,2,1,5,0,1,1,2,1,0
359,MB16CC011,6,3,3,3,3,4,3,2,1
360,MB16CC011,2,1,5,0,1,1,2,1,0
361,MB16CC011,2,1,5,0,1,1,2,1,0
362,MB16CC011,7,6,1,4,1,1,2,1,0
363,MB16CC012,4,5,6,1,5,4,0,2,1
364,MB16CC012,4,3,3,1,5,4,3,2,1
365,MB16CC012,3,8,7,3,3,2,3,0,1
366,MB16CC012,2,1,5,0,1,1,2,1,0
367,MB16CC012,9,2,2,2,2,2,1,0,0
368,MB16CC012,2,1,5,0,1,1,2,1,0
369,MB16CC012,2,1,5,0,1,1,2,1,0
370,MB16CC012,2,1,5,0,1,1,2,1,0
371,MB16CC012,0,0,0,6,0,0,0,2,1
372,MB16CC012,2,1,5,0,1,1,2,1,0
373,MB16CC012,3,8,7,3,3,4,3,0,1
374,MB16CC012,7,6,1,4,1,1,2,1,0
375,MB16CC012,2,1,5,0,1,1,2,1,0
376,MB16CC012,4,5,6,1,5,4,0,2,1
377,MB16CC012,2,1,5,0,1,1,2,1,0
378,MB16CC012,0,0,0,6,0,0,0,2,1
379,MB16CC012,0,0,0,6,0,0,0,2,1
380,MB16CC012,0,0,0,6,0,0,0,2,1
381,MB16CC012,0,0,0,6,0,0,0,2,1
382,MB16CC012,0,0,0,6,0,0,0,2,1
383,MB16CC012,8,0,0,6,0,0,0,2,1
384,MB16CC012,0,0,0,6,0,0,0,2,1
385,MB16CC012,0,0,0,6,0,0,0,2,1
386,MB16CC012,0,0,0,6,0,0,0,2,1
387,MB16CC012,0,0,0,6,0,0,0,2,1
388,MB16CC012,8,0,0,6,0,0,0,2,1
389,MB16CC012,8,0,0,6,0,0,0,2,1
390,MB16CC012,8,0,0,6,0,0,0,2,1
391,MB16CC012,3,8,7,3,3,2,3,0,1
392,MB16CC012,8,0,0,6,0,0,0,2,1
393,MB16CC012,2,1,5,0,1,1,2,1,0
394,MB16CC012,4,5,6,1,5,4,3,2,1
395,MB16CC012,6,3,3,1,5,4,3,2,1
396,MB16CC012,1,4,4,5,4,3,1,1,0
397,MB16CC012,8,0,0,6,0,0,0,2,1
398,MB16CC012,4,5,6,1,5,4,3,2,1
399,MB16CC012,6,3,3,3,3,4,3,0,1
400,MB16CC012,2,1,5,0,1,1,2,1,0
401,MB16CC012,2,1,5,0,1,1,2,1,0
402,MB16CC012,3,8,7,3,3,2,3,0,1
403,MB16CC012,1,4,4,5,4,3,1,1,0
404,MB16CC012,7,6,1,4,1,1,2,1,0
405,MB16CC012,1,4,4,5,4,3,1,1,0
406,MB16CC012,1,4,4,5,4,3,1,0,0
407,MB16CC012,1,4,4,5,4,3,1,1,0
408,MB16CC013,0,0,0,6,0,0,0,2,1
409,MB16CC013,3,8,7,3,3,2,3,0,1
410,MB16CC013,0,0,0,6,0,0,0,2,1
411,MB16CC013,0,0,0,6,0,0,0,2,1
412,MB16CC013,0,0,0,6,0,0,0,2,1
413,MB16CC013,0,0,0,6,0,0,0,2,1
414,MB16CC013,0,0,0,6,0,0,0,2,1
415,MB16CC013,3,8,7,3,3,2,3,0,1
416,MB16CC013,0,0,0,6,0,0,0,2,1
417,MB16CC013,2,1,5,0,1,1,2,1,0
418,MB16CC013,7,6,1,4,1,1,2,1,0
419,MB16CC013,2,1,5,0,1,1,2,1,0
420,MB16CC013,2,1,5,0,1,1,2,1,0
421,MB16CC013,0,0,0,6,0,0,0,2,1
422,MB16CC013,2,1,5,0,1,1,2,1,0
423,MB16CC013,0,0,0,6,0,0,0,2,1
424,MB16CC013,2,1,5,0,1,1,2,1,0
425,MB16CC013,0,0,0,6,0,0,0,2,1
426,MB16CC013,0,0,0,6,0,0,0,2,1
427,MB16CC013,0,0,0,6,0,0,0,2,1
428,MB16CC013,0,0,0,6,0,0,0,2,1
429,MB16CC013,0,0,0,6,0,0,0,2,1
430,MB16CC013,2,1,5,0,1,1,2,1,0
431,MB16CC013,0,0,0,6,0,0,0,2,1
432,MB16CC013,2,1,5,0,1,1,2,1,0
433,MB16CC013,7,6,1,4,1,1,2,1,0
434,MB16CC013,0,0,0,6,0,0,0,2,1
435,MB16CC013,0,0,0,6,0,0,0,2,1
436,MB16CC013,0,0,0,6,0,0,0,2,1
437,MB16CC013,2,1,5,0,1,1,2,1,0
438,MB16CC013,8,0,0,6,0,0,0,2,1
439,MB16CC013,0,0,0,6,0,0,0,2,1
440,MB16CC013,0,0,0,6,0,0,0,2,1
441,MB16CC013,2,1,5,0,1,1,2,1,0
442,MB16CC013,0,0,0,6,0,0,0,2,1
443,MB16CC013,3,8,7,3,3,2,3,0,1
444,MB16CC013,0,0,0,6,0,0,0,2,1
445,MB16CC013,2,1,5,0,1,1,2,1,0
446,MB16CC013,2,1,5,0,1,1,2,1,0
447,MB16CC013,2,1,5,0,1,1,2,1,0
448,MB16CC013,8,0,0,6,0,0,0,2,1
449,MB16CC013,0,0,0,6,0,0,0,2,1
450,MB16CC013,2,1,5,0,1,1,2,1,0
451,MB16CC013,8,0,0,6,0,0,0,2,1
452,MB16CC013,0,0,0,6,0,0,0,2,1
453,MB16CC014,2,1,5,0,1,1,2,1,0
454,MB16CC014,2,1,5,0,1,1,2,1,0
455,MB16CC014,2,1,5,0,1,1,2,1,0
456,MB16CC014,2,1,5,0,1,1,2,1,0
457,MB16CC014,2,1,5,0,1,1,2,1,0
458,MB16CC014,2,1,5,0,1,1,2,1,0
459,MB16CC014,2,1,5,0,1,1,2,1,0
460,MB16CC014,9,2,2,2,2,2,1,0,0
461,MB16CC014,0,0,0,6,0,0,0,2,1
462,MB16CC014,2,1,5,0,1,1,2,1,0
463,MB16CC014,2,1,5,0,1,1,2,1,0
464,MB16CC014,2,1,5,0,1,1,2,1,0
465,MB16CC014,2,1,5,0,1,1,2,1,0
466,MB16CC014,2,1,5,0,1,1,2,1,0
467,MB16CC014,7,6,1,4,4,1,2,1,0
468,MB16CC014,7,6,1,0,1,1,2,1,0
469,MB16CC014,2,1,5,0,1,1,2,1,0
470,MB16CC014,2,1,5,0,1,1,2,1,0
471,MB16CC014,2,1,5,0,1,1,2,1,0
472,MB16CC014,2,1,5,0,1,1,2,1,0
473,MB16CC014,6,3,3,1,5,4,3,2,1
474,MB16CC014,2,1,5,0,1,1,2,1,0
475,MB16CC014,2,1,5,0,1,1,2,1,0
476,MB16CC014,7,6,1,4,4,1,2,1,0
477,MB16CC014,9,2,7,2,3,2,3,0,1
478,MB16CC014,2,1,5,0,1,1,2,1,0
479,MB16CC014,9,2,2,2,2,2,1,0,0
480,MB16CC014,9,2,2,2,2,2,1,0,0
481,MB16CC014,2,1,5,0,1,1,2,1,0
482,MB16CC014,2,1,5,0,1,1,2,1,0
483,MB16CC014,2,1,5,0,1,1,2,1,0
484,MB16CC014,2,1,5,0,1,1,2,1,0
485,MB16CC014,1,4,4,5,4,3,1,1,0
486,MB16CC014,0,0,0,6,0,0,0,2,1
487,MB16CC014,2,1,5,0,1,1,2,1,0
488,MB16CC014,2,1,5,0,1,1,2,1,0
489,MB16CC014,2,1,5,0,1,1,2,1,0
490,MB16CC014,0,0,0,6,0,0,0,2,1
491,MB16CC014,6,3,3,3,3,4,3,0,1
492,MB16CC014,8,5,6,6,0,0,0,2,1
493,MB16CC014,2,1,5,0,1,1,2,1,0
494,MB16CC014,1,4,1,4,4,3,2,1,0
495,MB16CC014,1,4,4,5,4,3,1,0,0
496,MB16CC014,5,7,4,5,4,3,1,0,0
497,MB16CC014,8,0,0,6,0,0,0,2,1
498,MB16CC015,2,1,5,0,1,1,2,1,0
499,MB16CC015,2,1,5,0,1,1,2,1,0
500,MB16CC015,2,1,5,0,1,1,2,1,0
501,MB16CC015,2,1,5,0,1,1,2,1,0
502,MB16CC015,9,2,2,2,2,2,1,0,0
503,MB16CC015,4,3,3,1,5,4,3,2,1
504,MB16CC015,2,1,5,0,1,1,2,1,0
505,MB16CC015,2,1,5,0,1,1,2,1,0
506,MB16CC015,2,1,5,0,1,1,2,1,0
507,MB16CC015,2,1,5,0,1,1,2,1,0
508,MB16CC015,2,1,5,0,1,1,2,1,0
509,MB16CC015,2,1,5,0,1,1,2,1,0
510,MB16CC015,2,1,5,0,1,1,2,1,0
511,MB16CC015,2,1,5,0,1,1,2,1,0
512,MB16CC015,2,1,5,0,1,1,2,1,0
513,MB16CC015,2,1,5,0,1,1,2,1,0
514,MB16CC015,2,1,5,0,1,1,2,1,0
515,MB16CC015,2,1,5,0,1,1,2,1,0
516,MB16CC015,2,1,5,0,1,1,2,1,0
517,MB16CC015,2,1,5,0,1,1,2,1,0
518,MB16CC015,2,1,5,0,1,1,2,1,0
519,MB16CC015,2,1,5,0,1,1,2,1,0
520,MB16CC015,2,1,5,0,1,1,2,1,0
521,MB16CC015,2,1,5,0,1,1,2,1,0
522,MB16CC015,2,1,5,0,1,1,2,1,0
523,MB16CC015,2,1,5,0,1,1,2,1,0
524,MB16CC015,2,1,5,0,1,1,2,1,0
525,MB16CC015,2,1,5,0,1,1,2,1,0
526,MB16CC015,2,1,5,0,1,1,2,1,0
527,MB16CC015,7,6,1,4,1,1,2,1,0
528,MB16CC015,2,1,5,0,1,1,2,1,0
529,MB16CC015,2,1,5,0,1,1,2,1,0
530,MB16CC015,2,1,5,0,1,1,2,1,0
531,MB16CC015,2,1,5,0,1,1,2,1,0
532,MB16CC015,2,1,5,0,1,1,2,1,0
533,MB16CC015,2,1,5,0,1,1,2,1,0
534,MB16CC015,2,1,5,0,1,1,2,1,0
535,MB16CC015,1,4,4,5,4,3,1,1,0
536,MB16CC015,2,1,5,0,1,1,2,1,0
537,MB16CC015,2,1,5,0,1,1,2,1,0
538,MB16CC015,2,1,5,0,1,1,2,1,0
539,MB16CC015,2,1,5,0,1,1,2,1,0
540,MB16CC015,2,1,5,0,1,1,2,1,0
541,MB16CC015,2,1,5,0,1,1,2,1,0
542,MB16CC015,2,1,5,0,1,1,2,1,0
543,MB16CC015,2,1,5,0,1,1,2,1,0
544,MB16CC015,2,1,5,0,1,1,2,1,0
545,MB16CC015,2,1,5,0,1,1,2,1,0
546,MB16CC015,2,1,5,0,1,1,2,1,0
547,MB16CC015,2,1,5,0,1,1,2,1,0
548,MB16CC015,2,1,5,0,1,1,2,1,0
549,MB16CC015,7,6,1,4,1,1,2,1,0
550,MB16CC015,7,6,1,4,1,1,2,1,0
551,MB16CC015,2,1,5,0,1,1,2,1,0
552,MB16CC015,2,1,5,0,1,1,2,1,0
553,MB16CC015,2,1,5,0,1,1,2,1,0
554,MB16CC015,7,6,5,0,1,1,2,1,0
555,MB16CC015,2,1,5,0,1,1,2,1,0
556,MB16CC015,2,1,5,0,1,1,2,1,0
557,MB16CC016,0,0,0,6,0,0,0,2,1
558,MB16CC016,0,0,0,6,0,0,0,2,1
559,MB16CC016,0,0,0,6,0,0,0,2,1
560,MB16CC016,0,0,0,6,0,0,0,2,1
561,MB16CC016,2,1,5,0,1,1,2,1,0
562,MB16CC016,0,0,0,6,0,0,0,2,1
563,MB16CC016,0,0,0,6,0,0,0,2,1
564,MB16CC016,8,0,0,6,0,0,0,2,1
565,MB16CC016,8,5,6,1,5,0,0,2,1
566,MB16CC016,2,1,5,0,1,1,2,1,0
567,MB16CC016,2,1,5,0,1,1,2,1,0
568,MB16CC016,0,0,0,6,0,0,0,2,1
569,MB16CC016,2,1,5,0,1,1,2,1,0
570,MB16CC016,0,0,0,6,0,0,0,2,1
571,MB16CC016,0,0,0,6,0,0,0,2,1
572,MB16CC016,0,0,0,6,0,0,0,2,1
573,MB16CC016,0,0,0,6,0,0,0,2,1
574,MB16CC016,0,0,0,6,0,0,0,2,1
575,MB16CC016,0,0,0,6,0,0,0,2,1
576,MB16CC016,2,1,5,0,1,1,2,1,0
577,MB16CC016,0,0,0,6,0,0,0,2,1
578,MB16CC016,7,6,1,4,1,1,2,1,0
579,MB16CC016,3,8,7,3,3,2,3,0,1
580,MB16CC016,0,0,0,6,0,0,0,2,1
581,MB16CC016,0,0,0,6,0,0,0,2,1
582,MB16CC016,0,0,0,6,0,0,0,2,1
583,MB16CC016,0,0,0,6,0,0,0,2,1
584,MB16CC016,0,0,0,6,0,0,0,2,1
585,MB16CC016,0,0,0,6,0,0,0,2,1
586,MB16CC016,0,0,0,6,0,0,0,2,1
587,MB16CC016,2,1,5,0,1,1,2,1,0
588,MB16CC016,8,0,0,6,0,0,0,2,1
589,MB16CC016,0,0,0,6,0,0,0,2,1
590,MB16CC016,0,0,0,6,0,0,0,2,1
591,MB16CC016,2,1,5,0,1,1,2,1,0
592,MB16CC016,2,1,5,0,1,1,2,1,0
593,MB16CC016,2,1,5,0,1,1,2,1,0
594,MB16CC016,2,1,5,0,1,1,2,1,0
595,MB16CC016,0,0,0,6,0,0,0,2,1
596,MB16CC016,2,1,5,0,1,1,2,1,0
597,MB16CC016,0,0,0,6,0,0,0,2,1
598,MB16CC016,2,1,5,0,1,1,2,1,0
599,MB16CC016,2,1,5,0,1,1,2,1,0
600,MB16CC016,7,6,1,4,4,3,2,1,0
601,MB16CC016,2,1,5,0,1,1,2,1,0
602,MB16CC016,9,2,2,2,2,2,1,0,0
603,MB16CC016,2,1,5,0,1,1,2,1,0
604,MB16CC016,2,1,5,0,1,1,2,1,0
605,MB16CC016,2,1,5,0,1,1,2,1,0
606,MB16CC017,2,1,5,0,1,1,2,1,0
607,MB16CC017,2,1,5,0,1,1,2,1,0
608,MB16CC017,1,4,1,4,4,3,1,1,0
609,MB16CC017,2,1,5,0,1,1,2,1,0
610,MB16CC017,6,3,3,1,5,4,3,2,1
611,MB16CC017,5,7,4,5,4,3,1,0,0
612,MB16CC017,5,7,4,5,4,3,1,0,0
613,MB16CC017,2,1,5,0,1,1,2,1,0
614,MB16CC017,0,0,0,6,0,0,0,2,1
615,MB16CC017,1,4,4,5,4,3,1,0,0
616,MB16CC017,7,6,1,4,4,1,2,1,0
617,MB16CC017,7,6,1,4,1,1,2,1,0
618,MB16CC017,8,0,0,6,0,0,0,2,1
619,MB16CC017,2,1,5,0,1,1,2,1,0
620,MB16CC017,2,1,5,0,1,1,2,1,0
621,MB16CC017,5,7,4,5,4,3,1,0,0
622,MB16CC017,2,1,5,0,1,1,2,1,0
623,MB16CC017,2,1,5,0,1,1,2,1,0
624,MB16CC017,2,1,5,0,1,1,2,1,0
625,MB16CC017,2,1,5,0,1,1,2,1,0
626,MB16CC017,2,1,5,0,1,1,2,1,0
627,MB16CC017,2,1,5,0,1,1,2,1,0
628,MB16CC017,2,1,5,0,1,1,2,1,0
629,MB16CC017,5,2,2,2,2,3,1,0,0
630,MB16CC017,2,1,5,0,1,1,2,1,0
631,MB16CC017,7,6,1,4,4,1,2,1,0
632,MB16CC017,2,1,5,0,1,1,2,1,0
633,MB16CC017,2,1,5,0,1,1,2,1,0
634,MB16CC017,2,1,5,0,1,1,2,1,0
635,MB16CC017,2,1,5,0,1,1,2,1,0
636,MB16CC017,4,3,3,1,5,4,3,2,1
637,MB16CC018,2,1,5,0,1,1,2,1,0
638,MB16CC018,9,2,7,2,2,2,1,0,0
639,MB16CC018,7,6,1,4,4,1,2,1,0
640,MB16CC018,2,1,5,0,1,1,2,1,0
641,MB16CC018,0,0,0,6,0,0,0,2,1
642,MB16CC018,6,3,3,3,3,4,3,2,1
643,MB16CC018,2,1,5,0,1,1,2,1,0
644,MB16CC018,2,1,5,0,1,1,2,1,0
645,MB16CC018,2,1,5,0,1,1,2,1,0
646,MB16CC018,9,2,2,2,2,2,1,0,0
647,MB16CC018,8,0,0,6,0,0,0,2,1
648,MB16CC018,0,0,0,6,0,0,0,2,1
649,MB16CC018,6,3,3,3,3,4,3,2,1
650,MB16CC018,6,3,3,3,5,4,3,2,1
651,MB16CC018,2,1,5,0,1,1,2,1,0
652,MB16CC018,2,1,5,0,1,1,2,1,0
653,MB16CC018,2,1,5,0,1,1,2,1,0
654,MB16CC018,2,1,5,0,1,1,2,1,0
655,MB16CC019,5,7,4,5,2,3,1,0,0
656,MB16CC019,8,0,0,6,0,0,0,2,1
657,MB16CC019,2,1,5,0,1,1,2,1,0
658,MB16CC019,3,8,7,3,3,2,3,0,1
659,MB16CC019,0,0,0,6,0,0,0,2,1
660,MB16CC019,0,0,0,6,0,0,0,2,1
661,MB16CC019,7,6,1,4,1,1,2,1,0
662,MB16CC019,1,4,4,5,4,3,1,1,0
663,MB16CC019,7,6,1,4,1,1,2,1,0
664,MB16CC019,4,5,6,1,5,4,0,2,1
665,MB16CC019,8,0,6,6,0,0,0,2,1
666,MB16CC019,7,6,1,4,4,1,2,1,0
667,MB16CC019,3,8,7,3,3,2,3,0,1
668,MB16CC019,0,0,0,6,0,0,0,2,1
669,MB16CC019,2,1,5,0,1,1,2,1,0
670,MB16CC019,8,0,0,6,0,0,0,2,1
671,MB16CC019,8,0,0,6,0,0,0,2,1
672,MB16CC019,2,1,5,0,1,1,2,1,0
673,MB16CC019,8,0,0,6,0,0,0,2,1
674,MB16CC019,5,7,4,5,4,3,1,0,0
675,MB16CC019,1,4,4,5,4,3,1,1,0
676,MB16CC019,2,1,5,0,1,1,2,1,0
677,MB16CC019,0,0,0,6,0,0,0,2,1
678,MB16CC019,2,1,5,0,1,1,2,1,0
679,MB16CC019,7,6,1,4,1,1,2,1,0
680,MB16CC019,2,1,5,0,1,1,2,1,0
681,MB16CC019,2,1,5,0,1,1,2,1,0
682,MB16CC019,8,0,0,6,0,0,0,2,1
683,MB16CC019,8,0,0,6,0,0,0,2,1
684,MB16CC019,7,6,1,4,1,1,2,1,0
685,MB16CC019,8,5,6,1,0,0,0,2,1
686,MB16CC019,7,6,5,0,1,1,2,1,0
687,MB16CC019,0,0,0,6,0,0,0,2,1
688,MB16CC019,2,1,5,0,1,1,2,1,0
689,MB16CC019,0,0,0,6,0,0,0,2,1
690,MB16CC020,3,8,7,3,3,2,3,0,1
691,MB16CC020,8,0,0,6,0,0,0,2,1
692,MB16CC020,4,5,6,1,5,4,0,2,1
693,MB16CC020,0,0,0,6,0,0,0,2,1
694,MB16CC020,8,0,0,6,0,0,0,2,1
695,MB16CC020,1,4,1,4,4,3,2,1,0
696,MB16CC020,8,0,0,6,0,0,0,2,1
697,MB16CC020,7,6,1,4,1,1,2,1,0
698,MB16CC020,2,1,5,0,1,1,2,1,0
699,MB16CC020,2,1,5,0,1,1,2,1,0
700,MB16CC020,2,1,5,0,1,1,2,1,0
701,MB16CC020,9,2,2,2,2,2,1,0,0
702,MB16CC020,2,1,5,0,1,1,2,1,0
703,MB16CC020,4,5,6,1,5,4,3,2,1
704,MB16CC020,9,2,2,2,2,2,1,0,0
705,MB16CC020,7,6,5,0,1,1,2,1,0
706,MB16CC020,0,0,0,6,0,0,0,2,1
707,MB16CC020,0,0,0,6,0,0,0,2,1
708,MB16CC020,4,3,3,1,5,4,3,2,1
709,MB16CC020,0,0,0,6,0,0,0,2,1
710,MB16CC020,0,0,0,6,0,0,0,2,1
711,MB16CC020,0,0,0,6,0,0,0,2,1
712,MB16CC020,2,1,5,0,1,1,2,1,0
713,MB16CC020,2,1,5,0,1,1,2,1,0
714,MB16CC020,2,1,5,0,1,1,2,1,0
715,MB16CC020,2,1,5,0,1,1,2,1,0
716,MB16CC020,3,8,7,3,3,2,3,0,1
717,MB16CC020,0,0,0,6,0,0,0,2,1
718,MB16CC020,0,0,0,6,0,0,0,2,1
719,MB16CC020,0,0,0,6,0,0,0,2,1
720,MB16CC020,4,5,6,1,5,4,0,2,1
721,MB16CC020,0,0,0,6,0,0,0,2,1
722,MB16CC020,8,0,0,6,0,0,0,2,1
723,MB16CC020,1,4,4,5,4,3,1,1,0
724,MB16CC020,2,1,5,0,1,1,2,1,0
725,MB16CC020,5,7,4,5,2,3,1,0,0
726,MB16CC020,7,6,5,0,1,1,2,1,0
727,MB16CC020,2,1,5,0,1,1,2,1,0
728,MB16CC020,1,4,4,5,4,3,1,1,0
729,MB16CC020,0,0,0,6,0,0,0,2,1
730,MB16CC020,1,4,4,5,4,3,1,0,0
731,MB16CC020,0,0,0,6,0,0,0,2,1
732,MB16CC021,0,0,0,6,0,0,0,2,1
733,MB16CC021,7,6,5,0,1,1,2,1,0
734,MB16CC021,0,0,0,6,0,0,0,2,1
735,MB16CC021,9,2,2,2,2,2,1,0,0
736,MB16CC021,2,1,5,0,1,1,2,1,0
737,MB16CC021,0,0,0,6,0,0,0,2,1
738,MB16CC021,2,1,5,0,1,1,2,1,0
739,MB16CC021,7,6,5,0,1,1,2,1,0
740,MB16CC021,1,4,4,5,4,3,1,1,0
741,MB16CC021,1,4,4,4,4,3,1,1,0
742,MB16CC021,0,0,0,6,0,0,0,2,1
743,MB16CC021,0,0,0,6,0,0,0,2,1
744,MB16CC021,2,1,5,0,1,1,2,1,0
745,MB16CC021,0,0,0,6,0,0,0,2,1
746,MB16CC021,8,5,6,6,0,0,0,2,1
747,MB16CC021,0,0,0,6,0,0,0,2,1
748,MB16CC021,0,0,0,6,0,0,0,2,1
749,MB16CC021,0,0,0,6,0,0,0,2,1
750,MB16CC021,0,0,0,6,0,0,0,2,1
751,MB16CC021,4,5,6,1,5,4,0,2,1
752,MB16CC021,2,1,5,0,1,1,2,1,0
753,MB16CC021,0,0,0,6,0,0,0,2,1
754,MB16CC021,5,7,4,5,2,3,1,0,0
755,MB16CC021,2,1,5,0,1,1,2,1,0
756,MB16CC021,0,0,0,6,0,0,0,2,1
757,MB16CC021,5,2,2,2,2,3,1,0,0
758,MB16CC021,8,5,6,6,0,0,0,2,1
759,MB16CC021,0,0,0,6,0,0,0,2,1
760,MB16CC021,0,0,0,6,0,0,0,2,1
761,MB16CC021,6,3,3,3,3,4,3,2,1
762,MB16CC021,2,1,5,0,1,1,2,1,0
763,MB16CC021,2,1,5,0,1,1,2,1,0
764,MB16CC021,2,1,5,0,1,1,2,1,0
765,MB16CC021,2,1,5,0,1,1,2,1,0
766,MB16CC021,0,0,0,6,0,0,0,2,1
767,MB16CC021,4,5,6,1,5,4,0,2,1
768,MB16CC021,5,7,2,2,2,3,1,0,0
769,MB16CC021,2,1,5,0,1,1,2,1,0
770,MB16CC021,9,2,2,2,2,2,1,0,0
771,MB16CC021,0,0,0,6,0,0,0,2,1
772,MB16CC021,2,1,5,0,1,1,2,1,0
773,MB16CC022,2,1,5,0,1,1,2,1,0
774,MB16CC022,0,0,0,6,0,0,0,2,1
775,MB16CC022,0,0,0,6,0,0,0,2,1
776,MB16CC022,6,3,3,1,5,4,3,2,1
777,MB16CC022,7,6,1,4,4,1,2,1,0
778,MB16CC022,0,0,0,6,0,0,0,2,1
779,MB16CC022,0,0,0,6,0,0,0,2,1
780,MB16CC022,0,0,0,6,0,0,0,2,1
781,MB16CC022,0,0,0,6,0,0,0,2,1
782,MB16CC022,0,0,0,6,0,0,0,2,1
783,MB16CC023,3,8,7,3,3,2,3,0,1
784,MB16CC023,0,0,0,6,0,0,0,2,1
785,MB16CC023,0,0,0,6,0,0,0,2,1
786,MB16CC023,0,0,0,6,0,0,0,2,1
787,MB16CC023,0,0,0,6,0,0,0,2,1
788,MB16CC023,4,5,6,1,5,4,0,2,1
789,MB16CC023,4,5,6,1,5,4,0,2,1
790,MB16CC023,0,0,0,6,0,0,0,2,1
791,MB16CC023,1,4,4,5,4,3,1,1,0
792,MB16CC023,1,4,4,5,4,3,1,1,0
793,MB16CC023,4,5,6,1,5,4,0,2,1
794,MB16CC023,0,0,0,6,0,0,0,2,1
795,MB16CC023,0,0,0,6,0,0,0,2,1
796,MB16CC023,8,0,0,6,0,0,0,2,1
797,MB16CC023,3,8,7,3,3,2,3,0,1
798,MB16CC023,6,3,3,3,3,4,3,0,1
799,MB16CC023,1,4,4,5,4,3,1,0,0
800,MB16CC023,3,8,7,3,3,2,3,0,1
801,MB16CC023,2,1,5,0,1,1,2,1,0
802,MB16CC023,2,1,5,0,1,1,2,1,0
803,MB16CC023,8,0,0,6,0,0,0,2,1
804,MB16CC023,2,1,5,0,1,1,2,1,0
805,MB16CC023,5,7,4,5,2,3,1,0,0
806,MB16CC023,0,0,0,6,0,0,0,2,1
807,MB16CC023,1,4,4,5,4,3,1,1,0
808,MB16CC023,6,3,3,1,5,4,3,2,1
809,MB16CC023,2,1,5,0,1,1,2,1,0
810,MB16CC023,4,5,6,1,5,4,3,2,1
811,MB16CC023,5,7,2,2,2,3,1,0,0
812,MB16CC023,7,6,1,4,1,1,2,1,0
813,MB16CC023,5,7,2,2,2,3,1,0,0
814,MB16CC023,9,2,7,2,3,2,3,0,1
815,MB16CC023,9,2,7,2,3,2,3,0,1
816,MB16CC023,9,2,2,2,2,2,1,0,0
817,MB16CC024,2,1,5,0,1,1,2,1,0
818,MB16CC024,8,5,6,6,0,0,0,2,1
819,MB16CC024,8,0,0,6,0,0,0,2,1
820,MB16CC024,6,3,3,3,3,4,3,0,1
821,MB16CC024,6,3,3,1,5,4,3,2,1
822,MB16CC024,4,5,6,1,5,4,3,2,1
823,MB16CC024,4,5,6,1,5,4,3,2,1
824,MB16CC024,4,5,6,1,5,4,0,2,1
825,MB16CC024,4,5,6,1,5,4,0,2,1
826,MB16CC024,4,5,6,1,5,4,3,2,1
827,MB16CC024,0,0,0,6,0,0,0,2,1
828,MB16CC024,8,5,6,1,5,0,0,2,1
829,MB16CC024,6,3,3,1,5,4,3,2,1
830,MB16CC024,6,3,3,3,3,4,3,0,1
831,MB16CC024,4,5,6,1,5,4,3,2,1
832,MB16CC024,5,7,2,2,2,3,1,0,0
833,MB16CC024,8,5,6,6,0,0,0,2,1
834,MB16CC024,8,0,0,6,0,0,0,2,1
835,MB16CC024,0,0,0,6,0,0,0,2,1
836,MB16CC024,4,3,3,1,5,4,3,2,1
837,MB16CC024,0,0,0,6,0,0,0,2,1
838,MB16CC024,8,0,0,6,0,0,0,2,1
839,MB16CC024,6,3,3,1,5,4,3,2,1
840,MB16CC024,8,0,0,6,0,0,0,2,1
841,MB16CC024,3,8,7,3,3,2,3,0,1
842,MB16CC024,2,1,5,0,1,1,2,1,0
843,MB16CC024,7,6,1,4,4,3,2,1,0
844,MB16CC024,2,1,5,0,1,1,2,1,0
845,MB16CC024,4,5,6,1,5,4,0,2,1
846,MB16CC024,2,1,5,0,1,1,2,1,0
847,MB16CC024,1,4,4,5,4,3,1,1,0
848,MB16CC024,4,5,6,1,5,4,3,2,1
849,MB16CC024,0,0,0,6,0,0,0,2,1
850,MB16CC024,8,0,0,6,0,0,0,2,1
851,MB16CC024,0,0,0,6,0,0,0,2,1
852,MB16CC024,2,1,5,0,1,1,2,1,0
853,MB16CC024,2,1,5,0,1,1,2,1,0
854,MB16CC024,1,4,4,5,4,3,1,1,0
855,MB16CC024,5,2,2,2,2,3,1,0,0
856,MB16CC024,5,7,4,5,4,3,1,0,0
857,MB16CC024,2,1,5,0,1,1,2,1,0
858,MB16CC024,2,1,5,0,1,1,2,1,0
859,MB16CC024,2,1,5,0,1,1,2,1,0
860,MB16CC024,2,1,5,0,1,1,2,1,0
861,MB16CC024,2,1,5,0,1,1,2,1,0
862,MB16CC024,0,0,0,6,0,0,0,2,1
863,MB16CC024,6,3,3,1,5,4,3,2,1
864,MB16CC025,0,0,0,6,0,0,0,2,1
865,MB16CC025,0,0,0,6,0,0,0,2,1
866,MB16CC025,0,0,0,6,0,0,0,2,1
867,MB16CC025,4,5,6,1,5,4,0,2,1
868,MB16CC025,0,0,0,6,0,0,0,2,1
869,MB16CC025,0,0,0,6,0,0,0,2,1
870,MB16CC025,0,0,0,6,0,0,0,2,1
871,MB16CC025,0,0,0,6,0,0,0,2,1
872,MB16CC025,0,0,0,6,0,0,0,2,1
873,MB16CC025,0,0,0,6,0,0,0,2,1
874,MB16CC025,8,5,6,6,0,0,0,2,1
875,MB16CC025,0,0,0,6,0,0,0,2,1
876,MB16CC025,0,0,0,6,0,0,0,2,1
877,MB16CC025,0,0,0,6,0,0,0,2,1
878,MB16CC025,0,0,0,6,0,0,0,2,1
879,MB16CC025,0,0,0,6,0,0,0,2,1
880,MB16CC025,0,0,0,6,0,0,0,2,1
881,MB16CC025,0,0,0,6,0,0,0,2,1
882,MB16CC025,8,0,0,6,0,0,0,2,1
883,MB16CC025,0,0,0,6,0,0,0,2,1
884,MB16CC025,0,0,0,6,0,0,0,2,1
885,MB16CC025,0,0,0,6,0,0,0,2,1
886,MB16CC025,0,0,0,6,0,0,0,2,1
887,MB16CC025,9,2,2,2,2,2,1,0,0
888,MB16CC025,0,0,0,6,0,0,0,2,1
889,MB16CC025,0,0,0,6,0,0,0,2,1
890,MB16CC026,0,0,0,6,0,0,0,2,1
891,MB16CC026,2,1,5,0,1,1,2,1,0
892,MB16CC026,6,3,3,3,3,4,3,0,1
893,MB16CC026,2,1,5,0,1,1,2,1,0
894,MB16CC026,0,0,0,6,0,0,0,2,1
895,MB16CC026,6,3,3,1,5,4,3,2,1
896,MB16CC026,2,1,5,0,1,1,2,1,0
897,MB16CC026,1,7,4,5,4,3,1,0,0
898,MB16CC026,0,0,0,6,0,0,0,2,1
899,MB16CC026,0,0,0,6,0,0,0,2,1
900,MB16CC026,0,0,0,6,0,0,0,2,1
901,MB16CC026,2,1,5,0,1,1,2,1,0
902,MB16CC026,0,0,0,6,0,0,0,2,1
903,MB16CC026,0,0,0,6,0,0,0,2,1
904,MB16CC026,0,0,0,6,0,0,0,2,1
905,MB16CC026,4,5,6,1,5,4,0,2,1
906,MB16CC026,0,0,0,6,0,0,0,2,1
907,MB16CC026,9,2,2,2,2,2,1,0,0
908,MB16CC026,3,8,7,3,3,2,3,0,1
909,MB16CC026,0,0,0,6,0,0,0,2,1
910,MB16CC026,0,0,0,6,0,0,0,2,1
911,MB16CC026,0,0,0,6,0,0,0,2,1
912,MB16CC026,0,0,0,6,0,0,0,2,1
913,MB16CC026,0,0,0,6,0,0,0,2,1
914,MB16CC026,0,0,0,6,0,0,0,2,1
915,MB16CC026,2,1,5,0,1,1,2,1,0
916,MB16CC026,0,0,0,6,0,0,0,2,1
917,MB16CC026,7,6,1,4,1,1,2,1,0
918,MB16CC026,0,0,0,6,0,0,0,2,1
919,MB16CC026,7,6,1,4,1,1,2,1,0
920,MB16CC026,0,0,0,6,0,0,0,2,1
921,MB16CC026,0,0,0,6,0,0,0,2,1
922,MB16CC026,5,7,2,2,2,3,1,0,0
923,MB16CC026,0,0,0,6,0,0,0,2,1
924,MB16CC026,4,5,6,1,5,4,0,2,1
925,MB16CC026,0,0,0,6,0,0,0,2,1
926,MB16CC026,9,2,2,2,2,2,1,0,0
927,MB16CC026,4,5,6,1,5,4,0,2,1
928,MB16CC026,0,0,0,6,0,0,0,2,1
929,MB16CC026,0,0,0,6,0,0,0,2,1
930,MB16CC026,0,0,0,6,0,0,0,2,1
931,MB16CC026,7,6,5,0,1,1,2,1,0
932,MB16CC026,0,0,0,6,0,0,0,2,1
933,MB16CC026,2,1,5,0,1,1,2,1,0
934,MB16CC026,2,1,5,0,1,1,2,1,0
935,MB16CC026,2,1,5,0,1,1,2,1,0
936,MB16CC026,2,1,5,0,1,1,2,1,0
937,MB16CC026,2,1,5,0,1,1,2,1,0
938,MB16CC026,2,1,5,0,1,1,2,1,0
939,MB16CC026,2,1,5,0,1,1,2,1,0
940,MB16CC026,2,1,5,0,1,1,2,1,0
941,MB16CC026,9,2,2,2,2,2,1,0,0
942,MB16CC026,7,6,1,4,4,3,2,1,0
943,MB16CC027,4,5,6,1,5,4,0,2,1
944,MB16CC027,3,8,7,3,3,2,3,0,1
945,MB16CC027,2,1,5,0,1,1,2,1,0
946,MB16CC027,0,0,0,6,0,0,0,2,1
947,MB16CC027,2,1,5,0,1,1,2,1,0
948,MB16CC027,2,1,5,0,1,1,2,1,0
949,MB16CC027,2,1,5,0,1,1,2,1,0
950,MB16CC027,2,1,5,0,1,1,2,1,0
951,MB16CC027,7,6,1,4,1,1,2,1,0
952,MB16CC027,1,4,4,4,4,3,1,1,0
953,MB16CC027,8,0,0,6,0,0,0,2,1
954,MB16CC027,0,0,0,6,0,0,0,2,1
955,MB16CC027,7,6,1,4,4,1,2,1,0
956,MB16CC027,0,0,0,6,0,0,0,2,1
957,MB16CC027,2,1,5,0,1,1,2,1,0
958,MB16CC027,2,1,5,0,1,1,2,1,0
959,MB16CC027,5,7,2,2,2,3,1,0,0
960,MB16CC027,6,3,3,3,3,4,3,0,1
961,MB16CC027,6,3,3,1,5,4,3,2,1
962,MB16CC027,8,5,6,6,0,0,0,2,1
963,MB16CC027,7,6,1,4,4,1,2,1,0
964,MB16CC027,1,4,4,5,4,3,1,1,0
965,MB16CC027,3,8,7,3,3,2,3,0,1
966,MB16CC027,0,0,0,6,0,0,0,2,1
967,MB16CC027,5,7,2,5,2,3,1,0,0
968,MB16CC027,0,0,0,6,0,0,0,2,1
969,MB16CC027,4,3,3,1,5,4,3,2,1
970,MB16CC027,4,5,6,1,5,4,0,2,1
971,MB16CC027,8,5,6,6,0,0,0,2,1
972,MB16CC027,0,0,0,6,0,0,0,2,1
973,MB16CC027,8,0,0,6,0,0,0,2,1
974,MB16CC028,2,1,5,0,1,1,2,1,0
975,MB16CC028,3,8,7,3,3,2,3,0,1
976,MB16CC028,2,1,5,0,1,1,2,1,0
977,MB16CC028,2,1,5,0,1,1,2,1,0
978,MB16CC028,2,1,5,0,1,1,2,1,0
979,MB16CC028,2,1,5,0,1,1,2,1,0
980,MB16CC028,9,2,2,2,2,2,1,0,0
981,MB16CC028,0,0,0,6,0,0,0,2,1
982,MB16CC028,2,1,5,0,1,1,2,1,0
983,MB16CC028,2,1,5,0,1,1,2,1,0
984,MB16CC028,2,1,5,0,1,1,2,1,0
985,MB16CC028,2,1,5,0,1,1,2,1,0
986,MB16CC028,2,1,5,0,1,1,2,1,0
987,MB16CC028,0,0,0,6,0,0,0,2,1
988,MB16CC028,2,1,5,0,1,1,2,1,0
989,MB16CC028,2,1,5,0,1,1,2,1,0
990,MB16CC028,0,0,0,6,0,0,0,2,1
991,MB16CC028,2,1,5,0,1,1,2,1,0
992,MB16CC028,4,5,6,1,5,4,3,2,1
993,MB16CC028,8,0,0,6,0,0,0,2,1
994,MB16CC028,0,0,0,6,0,0,0,2,1
995,MB16CC028,0,0,0,6,0,0,0,2,1
996,MB16CC028,8,5,6,1,5,0,0,2,1
997,MB16CC028,2,1,5,0,1,1,2,1,0
998,MB16CC028,0,0,0,6,0,0,0,2,1
999,MB16CC028,0,0,0,6,0,0,0,2,1
1000,MB16CC028,2,1,5,0,1,1,2,1,0
1001,MB16CC028,2,1,5,0,1,1,2,1,0
1002,MB16CC028,4,5,6,1,5,4,0,2,1
1003,MB16CC028,4,5,6,1,5,4,3,2,1
1004,MB16CC028,2,1,5,0,1,1,2,1,0
1005,MB16CC028,7,6,5,0,1,1,2,1,0
1006,MB16CC028,2,1,5,0,1,1,2,1,0
1007,MB16CC030,0,0,0,6,0,0,0,2,1
1008,MB16CC030,0,0,0,6,0,0,0,2,1
1009,MB16CC030,0,0,0,6,0,0,0,2,1
1010,MB16CC030,7,6,5,0,1,1,2,1,0
1011,MB16CC030,2,1,5,0,1,1,2,1,0
1012,MB16CC030,8,0,0,6,0,0,0,2,1
1013,MB16CC030,2,1,5,0,1,1,2,1,0
1014,MB16CC030,0,0,0,6,0,0,0,2,1
1015,MB16CC030,1,4,4,4,4,3,1,1,0
1016,MB16CC030,2,1,5,0,1,1,2,1,0
1017,MB16CC030,0,0,0,6,0,0,0,2,1
1018,MB16CC030,4,5,6,1,5,4,0,2,1
1019,MB16CC030,1,4,4,5,4,3,1,1,0
1020,MB16CC030,8,0,0,6,0,0,0,2,1
1021,MB16CC030,8,0,0,6,0,0,0,2,1
1022,MB16CC030,7,6,1,4,1,1,2,1,0
1023,MB16CC030,6,3,3,3,5,4,3,2,1
1024,MB16CC030,0,0,0,6,0,0,0,2,1
1025,MB16CC030,0,0,0,6,0,0,0,2,1
1026,MB16CC031,3,8,7,3,3,2,3,0,1
1027,MB16CC031,8,0,0,6,0,0,0,2,1
1028,MB16CC031,5,7,2,5,2,3,1,0,0
1029,MB16CC031,3,8,7,3,3,2,3,0,1
1030,MB16CC031,2,1,5,0,1,1,2,1,0
1031,MB16CC031,3,8,7,3,3,2,3,0,1
1032,MB16CC031,2,1,5,0,1,1,2,1,0
1033,MB16CC031,3,8,7,3,3,2,3,0,1
1034,MB16CC031,2,1,5,0,1,1,2,1,0
1035,MB16CC031,8,0,0,6,0,0,0,2,1
1036,MB16CC031,2,1,5,0,1,1,2,1,0
1037,MB16CC031,2,1,5,0,1,1,2,1,0
1038,MB16CC031,2,1,5,0,1,1,2,1,0
1039,MB16CC031,5,7,2,2,2,3,1,0,0
1040,MB16CC031,2,1,5,0,1,1,2,1,0
1041,MB16CC031,7,6,1,4,4,3,2,1,0
1042,MB16CC031,2,1,5,0,1,1,2,1,0
1043,MB16CC031,2,1,5,0,1,1,2,1,0
1044,MB16CC031,5,7,2,2,2,3,1,0,0
1045,MB16CC031,0,0,0,6,0,0,0,2,1
1046,MB16CC031,4,5,6,1,5,4,0,2,1
1047,MB16CC031,0,0,0,6,0,0,0,2,1
1048,MB16CC031,8,0,0,6,0,0,0,2,1
1049,MB16CC031,6,3,3,3,3,4,3,2,1
1050,MB16CC031,5,7,4,5,2,3,1,0,0
1051,MB16CC031,0,0,0,6,0,0,0,2,1
1052,MB16CC031,0,0,0,6,0,0,0,2,1
1053,MB16CC031,2,1,5,0,1,1,2,1,0
1054,MB16CC031,3,8,7,3,3,2,3,0,1
1055,MB16CC031,2,1,5,0,1,1,2,1,0
1056,MB16CC031,2,1,5,0,1,1,2,1,0
1057,MB16CC031,2,1,5,0,1,1,2,1,0
1058,MB16CC031,8,0,0,6,0,0,0,2,1
1059,MB16CC031,8,0,0,6,0,0,0,2,1
1060,MB16CC031,0,0,0,6,0,0,0,2,1
1061,MB16CC031,0,0,0,6,0,0,0,2,1
1062,MB16CC031,0,0,0,6,0,0,0,2,1
1063,MB16CC031,0,0,0,6,0,0,0,2,1
1064,MB16CC031,0,0,0,6,0,0,0,2,1
1065,MB16CC031,0,0,0,6,0,0,0,2,1
1066,MB16CC031,8,5,6,6,0,0,0,2,1
1067,MB16CC031,0,0,0,6,0,0,0,2,1
1068,MB16CC031,0,0,0,6,0,0,0,2,1
1069,MB16CC031,8,0,0,6,0,0,0,2,1
1070,MB16CC031,8,0,0,6,0,0,0,2,1
1071,MB16CC031,8,0,0,6,0,0,0,2,1
1072,MB16CC031,9,2,2,2,2,2,1,0,0
1073,MB16CC032,2,1,5,0,1,1,2,1,0
1074,MB16CC032,2,1,5,0,1,1,2,1,0
1075,MB16CC032,2,1,5,0,1,1,2,1,0
1076,MB16CC032,2,1,5,0,1,1,2,1,0
1077,MB16CC032,2,1,5,0,1,1,2,1,0
1078,MB16CC032,0,0,0,6,0,0,0,2,1
1079,MB16CC032,7,6,1,4,4,1,2,1,0
1080,MB16CC032,2,1,5,0,1,1,2,1,0
1081,MB16CC032,2,1,5,0,1,1,2,1,0
1082,MB16CC032,2,1,5,0,1,1,2,1,0
1083,MB16CC032,0,0,0,6,0,0,0,2,1
1084,MB16CC032,2,1,5,0,1,1,2,1,0
1085,MB16CC032,2,1,5,0,1,1,2,1,0
1086,MB16CC032,4,5,6,1,5,4,3,2,1
1087,MB16CC032,7,6,1,0,1,1,2,1,0
1088,MB16CC032,9,2,7,2,2,2,1,0,0
1089,MB16CC032,8,0,0,6,0,0,0,2,1
1090,MB16CC032,0,0,0,6,0,0,0,2,1
1091,MB16CC032,8,0,0,6,0,0,0,2,1
1092,MB16CC032,0,0,0,6,0,0,0,2,1
1093,MB16CC032,7,6,5,0,1,1,2,1,0
1094,MB16CC032,5,7,4,5,4,3,1,0,0
1095,MB16CC032,1,4,4,5,4,3,1,0,0
1096,MB16CC032,0,0,0,6,0,0,0,2,1
1097,MB16CC032,8,5,6,6,0,0,0,2,1
1098,MB16CC032,1,7,4,5,4,3,1,0,0
1099,MB16CC032,3,8,7,3,3,2,3,0,1
1100,MB16CC032,6,3,3,1,5,4,3,2,1
1101,MB16CC032,4,5,6,1,5,4,0,2,1
1102,MB16CC032,1,4,4,5,4,3,1,0,0
1103,MB16CC032,8,0,0,6,0,0,0,2,1
1104,MB16CC032,0,0,0,6,0,0,0,2,1
1105,MB16CC032,0,0,0,6,0,0,0,2,1
1106,MB16CC032,8,0,0,6,0,0,0,2,1
1107,MB16CC032,7,6,1,4,1,1,2,1,0
1108,MB16CC032,2,1,5,0,1,1,2,1,0
1109,MB16CC032,1,4,1,4,4,3,2,1,0
1110,MB16CC032,0,0,0,6,0,0,0,2,1
1111,MB16CC032,9,2,2,2,2,2,1,0,0
1112,MB16CC032,6,3,3,3,3,4,3,2,1
1113,MB16CC032,4,5,6,1,5,0,0,2,1
1114,MB16CC033,0,0,0,6,0,0,0,2,1
1115,MB16CC033,0,0,0,6,0,0,0,2,1
1116,MB16CC033,0,0,0,6,0,0,0,2,1
1117,MB16CC033,0,0,0,6,0,0,0,2,1
1118,MB16CC033,0,0,0,6,0,0,0,2,1
1119,MB16CC033,0,0,0,6,0,0,0,2,1
1120,MB16CC033,0,0,0,6,0,0,0,2,1
1121,MB16CC033,0,0,0,6,0,0,0,2,1
1122,MB16CC033,0,0,0,6,0,0,0,2,1
1123,MB16CC033,0,0,0,6,0,0,0,2,1
1124,MB16CC033,0,0,0,6,0,0,0,2,1
1125,MB16CC033,0,0,0,6,0,0,0,2,1
1126,MB16CC033,0,0,0,6,0,0,0,2,1
1127,MB16CC033,0,0,0,6,0,0,0,2,1
1128,MB16CC033,0,0,0,6,0,0,0,2,1
1129,MB16CC033,0,0,0,6,0,0,0,2,1
1130,MB16CC033,0,0,0,6,0,0,0,2,1
1131,MB16CC033,0,0,0,6,0,0,0,2,1
1132,MB16CC033,0,0,0,6,0,0,0,2,1
1133,MB16CC033,0,0,0,6,0,0,0,2,1
1134,MB16CC034,0,0,0,6,0,0,0,2,1
1135,MB16CC034,6,3,3,3,3,4,3,0,1
1136,MB16CC034,0,0,0,6,0,0,0,2,1
1137,MB16CC034,0,0,0,6,0,0,0,2,1
1138,MB16CC034,0,0,0,6,0,0,0,2,1
1139,MB16CC034,0,0,0,6,0,0,0,2,1
1140,MB16CC034,0,0,0,6,0,0,0,2,1
1141,MB16CC034,0,0,0,6,0,0,0,2,1
1142,MB16CC034,0,0,0,6,0,0,0,2,1
1143,MB16CC034,4,5,6,1,5,4,0,2,1
1144,MB16CC034,0,0,0,6,0,0,0,2,1
1145,MB16CC034,2,1,5,0,1,1,2,1,0
1146,MB16CC034,0,0,0,6,0,0,0,2,1
1147,MB16CC034,8,0,0,6,0,0,0,2,1
1148,MB16CC034,0,0,0,6,0,0,0,2,1
1149,MB16CC034,0,0,0,6,0,0,0,2,1
1150,MB16CC034,0,0,0,6,0,0,0,2,1
1151,MB16CC034,2,1,5,0,1,1,2,1,0
1152,MB16CC034,0,0,0,6,0,0,0,2,1
1153,MB16CC034,0,0,0,6,0,0,0,2,1
1154,MB16CC034,0,0,0,6,0,0,0,2,1
1155,MB16CC034,0,0,0,6,0,0,0,2,1
1156,MB16CC034,0,0,0,6,0,0,0,2,1
1157,MB16CC034,0,0,0,6,0,0,0,2,1
1158,MB16CC034,0,0,0,6,0,0,0,2,1
1159,MB16CC034,0,0,0,6,0,0,0,2,1
1160,MB16CC034,0,0,0,6,0,0,0,2,1
1161,MB16CC034,4,5,6,1,5,4,0,2,1
1162,MB16CC034,0,0,0,6,0,0,0,2,1
1163,MB16CC034,6,3,3,1,5,4,3,2,1
1164,MB16CC034,0,0,0,6,0,0,0,2,1
1165,MB16CC034,0,0,0,6,0,0,0,2,1
1166,MB16CC034,0,0,0,6,0,0,0,2,1
1167,MB16CC034,7,6,1,4,1,1,2,1,0
1168,MB16CC034,0,0,0,6,0,0,0,2,1
1169,MB16CC034,8,0,0,6,0,0,0,2,1
1170,MB16CC034,2,1,5,0,1,1,2,1,0
1171,MB16CC034,0,0,0,6,0,0,0,2,1
1172,MB16CC034,0,0,0,6,0,0,0,2,1
1173,MB16CC034,0,0,0,6,0,0,0,2,1
1174,MB16CC034,0,0,0,6,0,0,0,2,1
1175,MB16CC036,2,1,5,0,1,1,2,1,0
1176,MB16CC036,0,0,0,6,0,0,0,2,1
1177,MB16CC036,0,0,0,6,0,0,0,2,1
1178,MB16CC036,0,0,0,6,0,0,0,2,1
1179,MB16CC036,8,0,0,6,0,0,0,2,1
1180,MB16CC036,0,0,0,6,0,0,0,2,1
1181,MB16CC036,0,0,0,6,0,0,0,2,1
1182,MB16CC036,0,0,0,6,0,0,0,2,1
1183,MB16CC036,8,0,6,6,0,0,0,2,1
1184,MB16CC036,0,0,0,6,0,0,0,2,1
1185,MB16CC036,0,0,0,6,0,0,0,2,1
1186,MB16CC036,0,0,0,6,0,0,0,2,1
1187,MB16CC036,6,3,3,1,5,4,3,2,1
1188,MB16CC039,8,5,6,6,0,0,0,2,1
1189,MB16CC039,8,5,6,1,0,0,0,2,1
1190,MB16CC039,0,0,0,6,0,0,0,2,1
1191,MB16CC039,8,0,0,6,0,0,0,2,1
1192,MB16CC039,0,0,0,6,0,0,0,2,1
1193,MB16CC039,2,1,5,0,1,1,2,1,0
1194,MB16CC039,0,0,0,6,0,0,0,2,1
1195,MB16CC039,0,0,0,6,0,0,0,2,1
1196,MB16CC039,0,0,0,6,0,0,0,2,1
1197,MB16CC039,0,0,0,6,0,0,0,2,1
1198,MB16CC039,0,0,0,6,0,0,0,2,1
1199,MB16CC039,0,0,0,6,0,0,0,2,1
1200,MB16CC039,2,1,5,0,1,1,2,1,0
1201,MB16CC039,2,1,5,0,1,1,2,1,0
1202,MB16CC039,0,0,0,6,0,0,0,2,1
1203,MB16CC039,4,5,6,1,5,4,3,2,1
1204,MB16CC039,2,1,5,0,1,1,2,1,0
1205,MB16CC039,2,1,5,0,1,1,2,1,0
1206,MB16CC039,0,0,0,6,0,0,0,2,1
1207,MB16CC039,0,0,0,6,0,0,0,2,1
1208,MB16CC039,8,0,0,6,0,0,0,2,1
1209,MB16CC039,1,4,4,5,4,3,1,1,0
1210,MB16CC039,0,0,0,6,0,0,0,2,1
1211,MB16CC039,0,0,0,6,0,0,0,2,1
1212,MB16CC039,0,0,0,6,0,0,0,2,1
1213,MB16CC039,0,0,0,6,0,0,0,2,1
1214,MB16CC039,0,0,0,6,0,0,0,2,1
1215,MB16CC039,0,0,0,6,0,0,0,2,1
1216,MB16CC039,0,0,0,6,0,0,0,2,1
1217,MB16CC040,0,0,0,6,0,0,0,2,1
1218,MB16CC040,0,0,0,6,0,0,0,2,1
1219,MB16CC040,0,0,0,6,0,0,0,2,1
1220,MB16CC040,7,6,1,4,1,1,2,1,0
1221,MB16CC040,5,7,2,5,2,3,1,0,0
1222,MB16CC040,9,2,2,2,2,2,1,0,0
1223,MB16CC040,9,2,2,2,2,2,1,0,0
1224,MB16CC040,9,2,2,2,2,2,1,0,0
1225,MB16CC040,1,4,1,4,4,3,2,1,0
1226,MB16CC040,2,1,5,0,1,1,2,1,0
1227,MB16CC040,2,1,5,0,1,1,2,1,0
1228,MB16CC040,3,8,7,3,3,2,3,0,1
1229,MB16CC040,2,1,5,0,1,1,2,1,0
1230,MB16CC040,2,1,5,0,1,1,2,1,0
1231,MB16CC040,2,1,5,0,1,1,2,1,0
1232,MB16CC040,2,1,5,0,1,1,2,1,0
1233,MB16CC040,0,0,0,6,0,0,0,2,1
1234,MB16CC040,0,0,0,6,0,0,0,2,1
1235,MB16CC040,0,0,0,6,0,0,0,2,1
1236,MB16CC040,0,0,0,6,0,0,0,2,1
1237,MB16CC040,5,7,4,5,2,3,1,0,0
1238,MB16CC040,0,0,0,6,0,0,0,2,1
1239,MB16CC040,0,0,0,6,0,0,0,2,1
1240,MB16CC040,8,0,0,6,0,0,0,2,1
1241,MB16CC041,0,0,0,6,0,0,0,2,1
1242,MB16CC041,0,0,0,6,0,0,0,2,1
1243,MB16CC041,0,0,0,6,0,0,0,2,1
1244,MB16CC041,7,6,1,4,1,1,2,1,0
1245,MB16CC041,0,0,0,6,0,0,0,2,1
1246,MB16CC041,0,0,0,6,0,0,0,2,1
1247,MB16CC041,0,0,0,6,0,0,0,2,1
1248,MB16CC041,0,0,0,6,0,0,0,2,1
1249,MB16CC041,0,0,0,6,0,0,0,2,1
1250,MB16CC041,0,0,0,6,0,0,0,2,1
1251,MB16CC041,0,0,0,6,0,0,0,2,1
1252,MB16CC041,0,0,0,6,0,0,0,2,1
1253,MB16CC041,0,0,0,6,0,0,0,2,1
1254,MB16CC041,0,0,0,6,0,0,0,2,1
1255,MB16CC041,0,0,0,6,0,0,0,2,1
1256,MB16CC041,5,7,2,5,2,3,1,0,0
1257,MB16CC041,0,0,0,6,0,0,0,2,1
1258,MB16CC041,6,3,3,3,3,4,3,0,1
1259,MB16CC041,7,6,1,4,1,1,2,1,0
1260,MB16CC041,0,0,0,6,0,0,0,2,1
1261,MB16CC041,0,0,0,6,0,0,0,2,1
1262,MB16CC041,8,0,0,6,0,0,0,2,1
1263,MB16CC041,0,0,0,6,0,0,0,2,1
1264,MB16CC041,8,0,0,6,0,0,0,2,1
1265,MB16CC041,6,3,3,1,5,4,3,2,1
1266,MB16CC041,4,5,6,1,5,4,0,2,1
1267,MB16CC041,4,5,6,1,5,4,0,2,1
1268,MB16CC041,0,0,0,6,0,0,0,2,1
1269,MB16CC041,0,0,0,6,0,0,0,2,1
1270,MB16CC041,0,0,0,6,0,0,0,2,1
1271,MB16CC042,2,1,5,0,1,1,2,1,0
1272,MB16CC042,2,1,5,0,1,1,2,1,0
1273,MB16CC042,2,1,5,0,1,1,2,1,0
1274,MB16CC042,4,5,6,1,5,4,3,2,1
1275,MB16CC042,8,0,0,6,0,0,0,2,1
1276,MB16CC042,0,0,0,6,0,0,0,2,1
1277,MB16CC042,0,0,0,6,0,0,0,2,1
1278,MB16CC042,0,0,0,6,0,0,0,2,1
1279,MB16CC042,1,4,4,5,4,3,1,1,0
1280,MB16CC042,0,0,0,6,0,0,0,2,1
1281,MB16CC042,0,0,0,6,0,0,0,2,1
1282,MB16CC042,2,1,5,0,1,1,2,1,0
1283,MB16CC042,2,1,5,0,1,1,2,1,0
1284,MB16CC042,2,1,5,0,1,1,2,1,0
1285,MB16CC042,0,0,0,6,0,0,0,2,1
1286,MB16CC042,0,0,0,6,0,0,0,2,1
1287,MB16CC042,2,1,5,0,1,1,2,1,0
1288,MB16CC042,3,8,7,3,3,2,3,0,1
1289,MB16CC042,0,0,0,6,0,0,0,2,1
1290,MB16CC042,2,1,5,0,1,1,2,1,0
1291,MB16CC042,0,0,0,6,0,0,0,2,1
1292,MB16CC042,0,0,0,6,0,0,0,2,1
1293,MB16CC042,4,5,6,1,5,4,0,2,1
1294,MB16CC042,0,0,0,6,0,0,0,2,1
1295,MB16CC042,0,0,0,6,0,0,0,2,1
1296,MB16CC042,0,0,0,6,0,0,0,2,1
1297,MB16CC042,0,0,0,6,0,0,0,2,1
1298,MB16CC042,1,4,1,4,4,3,2,1,0
1299,MB16CC042,9,2,2,2,2,2,1,0,0
1300,MB16CC042,0,0,0,6,0,0,0,2,1
1301,MB16CC042,2,1,5,0,1,1,2,1,0
1302,MB16CC042,7,6,1,4,4,1,2,1,0
1303,MB16CC042,7,6,1,4,4,3,2,1,0
1304,MB16CC042,0,0,0,6,0,0,0,2,1
1305,MB16CC042,0,0,0,6,0,0,0,2,1
1306,MB16CC042,8,0,0,6,0,0,0,2,1
1307,MB16CC042,0,0,0,6,0,0,0,2,1
1308,MB16CC042,0,0,0,6,0,0,0,2,1
1309,MB16CC042,2,1,5,0,1,1,2,1,0
1310,MB16CC042,0,0,0,6,0,0,0,2,1
1311,MB16CC042,0,0,0,6,0,0,0,2,1
1312,MB16CC042,0,0,0,6,0,0,0,2,1
1313,MB16CC042,2,1,5,0,1,1,2,1,0
1314,MB16CC042,0,0,0,6,0,0,0,2,1
1315,MB16CC042,2,1,5,0,1,1,2,1,0
1316,MB16CC043,3,8,7,3,3,2,3,0,1
1317,MB16CC043,2,1,5,0,1,1,2,1,0
1318,MB16CC043,2,1,5,0,1,1,2,1,0
1319,MB16CC043,0,0,0,6,0,0,0,2,1
1320,MB16CC043,2,1,5,0,1,1,2,1,0
1321,MB16CC043,2,1,5,0,1,1,2,1,0
1322,MB16CC043,2,1,5,0,1,1,2,1,0
1323,MB16CC043,2,1,5,0,1,1,2,1,0
1324,MB16CC043,0,0,0,6,0,0,0,2,1
1325,MB16CC043,0,0,0,6,0,0,0,2,1
1326,MB16CC043,0,0,0,6,0,0,0,2,1
1327,MB16CC043,0,0,0,6,0,0,0,2,1
1328,MB16CC043,8,5,6,6,0,0,0,2,1
1329,MB16CC043,0,0,0,6,0,0,0,2,1
1330,MB16CC043,2,1,5,0,1,1,2,1,0
1331,MB16CC043,2,1,5,0,1,1,2,1,0
1332,MB16CC043,4,5,6,1,5,4,0,2,1
1333,MB16CC043,7,6,1,4,1,1,2,1,0
1334,MB16CC043,2,1,5,0,1,1,2,1,0
1335,MB16CC043,0,0,0,6,0,0,0,2,1
1336,MB16CC043,2,1,5,0,1,1,2,1,0
1337,MB16CC043,2,1,5,0,1,1,2,1,0
1338,MB16CC043,7,6,1,4,1,1,2,1,0
1339,MB16CC043,0,0,0,6,0,0,0,2,1
1340,MB16CC043,2,1,5,0,1,1,2,1,0
1341,MB16CC043,8,0,0,6,0,0,0,2,1
1342,MB16CC043,4,3,3,1,5,4,3,2,1
1343,MB16CC043,0,0,0,6,0,0,0,2,1
1344,MB16CC043,2,1,5,0,1,1,2,1,0
1345,MB16CC043,2,1,5,0,1,1,2,1,0
1346,MB16CC043,2,1,5,0,1,1,2,1,0
1347,MB16CC044,0,0,0,6,0,0,0,2,1
1348,MB16CC044,2,1,5,0,1,1,2,1,0
1349,MB16CC044,2,1,5,0,1,1,2,1,0
1350,MB16CC044,2,1,5,0,1,1,2,1,0
1351,MB16CC044,2,1,5,0,1,1,2,1,0
1352,MB16CC044,2,1,5,0,1,1,2,1,0
1353,MB16CC044,2,1,5,0,1,1,2,1,0
1354,MB16CC044,0,0,0,6,0,0,0,2,1
1355,MB16CC044,0,0,0,6,0,0,0,2,1
1356,MB16CC044,8,5,6,6,0,0,0,2,1
1357,MB16CC044,8,5,6,6,0,0,0,2,1
1358,MB16CC044,0,0,0,6,0,0,0,2,1
1359,MB16CC044,2,1,5,0,1,1,2,1,0
1360,MB16CC044,1,4,4,5,4,3,1,1,0
1361,MB16CC044,1,4,1,4,4,3,2,1,0
1362,MB16CC044,0,0,0,6,0,0,0,2,1
1363,MB16CC044,2,1,5,0,1,1,2,1,0
1364,MB16CC044,2,1,5,0,1,1,2,1,0
1365,MB16CC044,2,1,5,0,1,1,2,1,0
1366,MB16CC044,2,1,5,0,1,1,2,1,0
1367,MB16CC044,2,1,5,0,1,1,2,1,0
1368,MB16CC044,7,6,1,0,1,1,2,1,0
1369,MB16CC044,2,1,5,0,1,1,2,1,0
1370,MB16CC044,5,7,2,5,2,3,1,0,0
1371,MB16CC044,0,0,0,6,0,0,0,2,1
1372,MB16CC044,3,8,7,3,3,2,3,0,1
1373,MB16CC044,1,4,4,5,4,3,1,1,0
1374,MB16CC044,2,1,5,0,1,1,2,1,0
1375,MB16CC044,8,5,6,6,0,0,0,2,1
1376,MB16CC044,2,1,5,0,1,1,2,1,0
1377,MB16CC044,2,1,5,0,1,1,2,1,0
1378,MB16CC044,2,1,5,0,1,1,2,1,0
1379,MB16CC044,2,1,5,0,1,1,2,1,0
1380,MB16CC044,7,6,1,4,1,1,2,1,0
1381,MB16CC044,2,1,5,0,1,1,2,1,0
1382,MB16CC044,5,2,2,2,2,3,1,0,0
1383,MB16CC044,7,6,1,4,1,1,2,1,0
1384,MB16CC045,5,7,4,5,4,3,1,0,0
1385,MB16CC045,8,5,6,6,0,0,0,2,1
1386,MB16CC045,0,0,0,6,0,0,0,2,1
1387,MB16CC045,2,1,5,0,1,1,2,1,0
1388,MB16CC045,8,0,0,6,0,0,0,2,1
1389,MB16CC045,2,1,5,0,1,1,2,1,0
1390,MB16CC045,4,5,6,1,5,4,3,2,1
1391,MB16CC045,0,0,0,6,0,0,0,2,1
1392,MB16CC045,0,0,0,6,0,0,0,2,1
1393,MB16CC045,0,0,0,6,0,0,0,2,1
1394,MB16CC045,0,0,0,6,0,0,0,2,1
1395,MB16CC045,0,0,0,6,0,0,0,2,1
1396,MB16CC045,0,0,0,6,0,0,0,2,1
1397,MB16CC045,2,1,5,0,1,1,2,1,0
1398,MB16CC045,0,0,0,6,0,0,0,2,1
1399,MB16CC045,6,3,3,3,3,4,3,2,1
1400,MB16CC045,0,0,0,6,0,0,0,2,1
1401,MB16CC045,0,0,0,6,0,0,0,2,1
1402,MB16CC045,2,1,5,0,1,1,2,1,0
1403,MB16CC045,0,0,0,6,0,0,0,2,1
1404,MB16CC045,0,0,0,6,0,0,0,2,1
1405,MB16CC045,8,5,6,6,0,0,0,2,1
1406,MB16CC045,8,0,0,6,0,0,0,2,1
1407,MB16CC045,0,0,0,6,0,0,0,2,1
1408,MB16CC045,6,3,3,1,5,4,3,2,1
1409,MB16CC045,2,1,5,0,1,1,2,1,0
1410,MB16CC045,7,6,1,4,4,1,2,1,0
1411,MB16CC045,6,3,3,1,5,4,3,2,1
1412,MB16CC045,0,0,0,6,0,0,0,2,1
1413,MB16CC045,6,3,3,3,3,4,3,2,1
1414,MB16CC045,0,0,0,6,0,0,0,2,1
1415,MB16CC049,2,1,5,0,1,1,2,1,0
1416,MB16CC049,0,0,0,6,0,0,0,2,1
1417,MB16CC049,2,1,5,0,1,1,2,1,0
1418,MB16CC049,0,0,0,6,0,0,0,2,1
1419,MB16CC049,6,3,3,3,3,4,3,2,1
1420,MB16CC049,0,0,0,6,0,0,0,2,1
1421,MB16CC049,9,2,2,2,2,2,1,0,0
1422,MB16CC049,4,5,6,1,5,4,3,2,1
1423,MB16CC049,5,7,2,5,2,3,1,0,0
1424,MB16CC049,3,8,7,3,3,2,3,0,1
1425,MB16CC049,2,1,5,0,1,1,2,1,0
1426,MB16CC049,8,0,0,6,0,0,0,2,1
1427,MB16CC049,2,1,5,0,1,1,2,1,0
1428,MB16CC049,5,2,2,2,2,3,1,0,0
1429,MB16CC049,2,1,5,0,1,1,2,1,0
1430,MB16CC049,0,0,0,6,0,0,0,2,1
1431,MB16CC049,7,6,1,4,4,1,2,1,0
1432,MB16CC049,9,2,7,2,2,2,1,0,0
1433,MB16CC049,2,1,5,0,1,1,2,1,0
1434,MB16CC049,6,3,3,3,3,4,3,0,1
1435,MB16CC049,1,4,1,4,4,3,2,1,0
1436,MB16CC049,2,1,5,0,1,1,2,1,0
1437,MB16CC049,2,1,5,0,1,1,2,1,0
1438,MB16CC049,9,2,2,2,2,2,1,0,0
1439,MB16CC049,0,0,0,6,0,0,0,2,1
1440,MB16CC049,2,1,5,0,1,1,2,1,0
1441,MB16CC049,0,0,0,6,0,0,0,2,1
1442,MB16CC049,2,1,5,0,1,1,2,1,0
1443,MB16CC049,3,8,7,3,3,2,3,0,1
1444,MB16CC049,4,5,6,1,5,4,0,2,1
1445,MB16CC049,1,4,1,4,4,3,2,1,0
1446,MB16CC049,9,2,2,2,2,2,1,0,0
1447,MB16CC050,7,6,5,0,1,1,2,1,0
1448,MB16CC050,2,1,5,0,1,1,2,1,0
1449,MB16CC050,2,1,5,0,1,1,2,1,0
1450,MB16CC050,4,5,6,1,5,4,0,2,1
1451,MB16CC050,1,4,4,5,4,3,1,1,0
1452,MB16CC050,2,1,5,0,1,1,2,1,0
1453,MB16CC050,5,7,2,2,2,3,1,0,0
1454,MB16CC050,8,5,6,6,0,0,0,2,1
1455,MB16CC050,3,8,7,3,3,2,3,0,1
1456,MB16CC050,7,6,1,4,1,1,2,1,0
1457,MB16CC050,8,5,6,6,0,0,0,2,1
1458,MB16CC050,0,0,0,6,0,0,0,2,1
1459,MB16CC050,0,0,0,6,0,0,0,2,1
1460,MB16CC050,0,0,0,6,0,0,0,2,1
1461,MB16CC050,4,5,6,1,5,4,3,2,1
1462,MB16CC050,8,5,6,6,0,0,0,2,1
1463,MB16CC050,3,8,7,3,3,2,3,0,1
1464,MB16CC050,9,2,2,2,2,2,1,0,0
1465,MB16CC050,0,0,0,6,0,0,0,2,1
1466,MB16CC050,4,3,3,1,5,4,3,2,1
1467,MB16CC050,8,0,0,6,0,0,0,2,1
1468,MB16CC050,4,5,6,1,5,4,0,2,1
1469,MB16CC050,0,0,0,6,0,0,0,2,1
1470,MB16CC050,0,0,0,6,0,0,0,2,1
1471,MB16CC050,4,5,6,1,5,4,0,2,1
1472,MB16CC050,1,4,4,5,4,3,1,1,0
1473,MB16CC050,9,2,2,2,2,2,1,0,0
1474,MB16CC050,3,8,7,3,3,2,3,0,1
1475,MB16CC050,2,1,5,0,1,1,2,1,0
1476,MB16CC050,2,1,5,0,1,1,2,1,0
1477,MB16CC050,6,3,3,1,5,4,3,2,1
1478,MB16CC050,3,8,7,3,3,2,3,0,1
1479,MB16CC050,4,5,6,1,5,4,0,2,1
1480,MB16CC050,5,7,4,5,4,3,1,0,0
1481,MB16CC050,0,0,0,6,0,0,0,2,1
1482,MB16CC050,9,2,2,2,2,2,1,0,0
1483,MB16CC050,6,3,3,3,3,4,3,2,1
1484,MB16CC050,9,2,2,2,2,2,1,0,0
1485,MB16CC050,2,1,5,0,1,1,2,1,0
1486,MB16CC050,5,7,4,5,4,3,1,0,0
1487,MB16CC050,4,3,3,1,5,4,3,2,1
1488,MB16CC050,4,5,6,1,5,4,3,2,1
1489,MB16CC050,4,5,6,1,5,4,0,2,1
1490,MB16CC050,3,8,7,3,3,2,3,0,1
1491,MB16CC050,4,5,6,1,5,4,0,2,1
1492,MB16CC050,2,1,5,0,1,1,2,1,0
1493,MB16CC050,9,2,2,2,2,2,1,0,0
1494,MB16CC050,9,2,2,2,2,2,1,0,0
1495,MB16CC050,2,1,5,0,1,1,2,1,0
1496,MB16CC050,7,6,1,4,1,1,2,1,0
1497,MB16CC050,2,1,5,0,1,1,2,1,0
1498,MB16CC050,8,0,0,6,0,0,0,2,1
1499,MB16CC050,4,5,6,1,5,4,0,2,1
1500,MB16CC050,4,5,6,1,5,4,0,2,1
1501,MB16CC050,8,0,0,6,0,0,0,2,1
1502,MB16CC052,0,0,0,6,0,0,0,2,1
1503,MB16CC052,4,5,6,1,5,4,3,2,1
1504,MB16CC052,0,0,0,6,0,0,0,2,1
1505,MB16CC052,0,0,0,6,0,0,0,2,1
1506,MB16CC052,0,0,0,6,0,0,0,2,1
1507,MB16CC052,0,0,0,6,0,0,0,2,1
1508,MB16CC052,0,0,0,6,0,0,0,2,1
1509,MB16CC052,0,0,0,6,0,0,0,2,1
1510,MB16CC052,0,0,0,6,0,0,0,2,1
1511,MB16CC052,9,2,2,2,2,2,1,0,0
1512,MB16CC052,0,0,0,6,0,0,0,2,1
1513,MB16CC052,5,7,2,5,2,3,1,0,0
1514,MB16CC052,8,0,0,6,0,0,0,2,1
1515,MB16CC052,8,0,0,6,0,0,0,2,1
1516,MB16CC052,0,0,0,6,0,0,0,2,1
1517,MB16CC052,0,0,0,6,0,0,0,2,1
1518,MB16CC052,0,0,0,6,0,0,0,2,1
1519,MB16CC052,3,8,7,3,3,2,3,0,1
1520,MB16CC052,1,4,4,5,4,3,1,1,0
1521,MB16CC052,0,0,0,6,0,0,0,2,1
1522,MB16CC052,1,4,4,5,4,3,1,1,0
1523,MB16CC052,0,0,0,6,0,0,0,2,1
1524,MB16CC052,5,7,4,5,2,3,1,0,0
1525,MB16CC052,0,0,0,6,0,0,0,2,1
1526,MB16CC052,2,1,5,0,1,1,2,1,0
1527,MB16CC052,0,0,0,6,0,0,0,2,1
1528,MB16CC052,1,4,4,5,4,3,1,1,0
1529,MB16CC052,0,0,0,6,0,0,0,2,1
1530,MB16CC052,0,0,0,6,0,0,0,2,1
1531,MB16CC052,0,0,0,6,0,0,0,2,1
1532,MB16CC052,0,0,0,6,0,0,0,2,1
1533,MB16CC052,0,0,0,6,0,0,0,2,1
1534,MB16CC052,0,0,0,6,0,0,0,2,1
1535,MB16CC052,3,8,7,3,3,2,3,0,1
1536,MB16CC053,0,0,0,6,0,0,0,2,1
1537,MB16CC053,2,1,5,0,1,1,2,1,0
1538,MB16CC053,8,0,0,6,0,0,0,2,1
1539,MB16CC053,2,1,5,0,1,1,2,1,0
1540,MB16CC053,2,1,5,0,1,1,2,1,0
1541,MB16CC053,3,8,7,3,3,2,3,0,1
1542,MB16CC053,8,0,0,6,0,0,0,2,1
1543,MB16CC053,2,1,5,0,1,1,2,1,0
1544,MB16CC053,8,0,0,6,0,0,0,2,1
1545,MB16CC053,2,1,5,0,1,1,2,1,0
1546,MB16CC053,2,1,5,0,1,1,2,1,0
1547,MB16CC053,1,4,4,5,4,3,1,1,0
1548,MB16CC053,2,1,5,0,1,1,2,1,0
1549,MB16CC053,4,5,6,1,5,4,3,2,1
1550,MB16CC053,0,0,0,6,0,0,0,2,1
1551,MB16CC053,8,5,6,6,0,0,0,2,1
1552,MB16CC053,6,3,3,3,3,4,3,2,1
1553,MB16CC053,8,0,0,6,0,0,0,2,1
1554,MB16CC053,8,0,0,6,0,0,0,2,1
1555,MB16CC053,9,2,7,2,2,2,1,0,0
1556,MB16CC053,2,1,5,0,1,1,2,1,0
1557,MB16CC053,3,8,7,3,3,4,3,0,1
1558,MB16CC053,6,3,3,1,5,4,3,2,1
1559,MB16CC053,0,0,0,6,0,0,0,2,1
1560,MB16CC053,1,4,4,5,4,3,1,1,0
1561,MB16CC053,2,1,5,0,1,1,2,1,0
1562,MB16CC053,4,5,6,1,5,4,3,2,1
1563,MB16CC053,2,1,5,0,1,1,2,1,0
1564,MB16CC053,2,1,5,0,1,1,2,1,0
1565,MB16CC053,2,1,5,0,1,1,2,1,0
1566,MB16CC053,7,6,5,0,1,1,2,1,0
1567,MB16CC053,0,0,0,6,0,0,0,2,1
1568,MB16CC053,2,1,5,0,1,1,2,1,0
1569,MB16CC053,9,2,2,2,2,2,1,0,0
1570,MB16CC053,8,5,6,6,0,0,0,2,1
1571,MB16CC053,2,1,5,0,1,1,2,1,0
1572,MB16CC053,2,1,5,0,1,1,2,1,0
1573,MB16CC053,0,0,0,6,0,0,0,2,1
1574,MB16CC053,0,0,0,6,0,0,0,2,1
1575,MB16CC053,2,1,5,0,1,1,2,1,0
1576,MB16CC053,2,1,5,0,1,1,2,1,0
1577,MB16CC053,1,4,4,4,4,3,1,1,0
1578,MB16CC053,2,1,5,0,1,1,2,1,0
1579,MB16CC053,4,5,6,1,5,4,0,2,1
1580,MB16CC053,2,1,5,0,1,1,2,1,0
1581,MB16CC054,0,0,0,6,0,0,0,2,1
1582,MB16CC054,9,2,2,2,2,2,1,0,0
1583,MB16CC054,0,0,0,6,0,0,0,2,1
1584,MB16CC054,0,0,0,6,0,0,0,2,1
1585,MB16CC054,0,0,0,6,0,0,0,2,1
1586,MB16CC054,0,0,0,6,0,0,0,2,1
1587,MB16CC054,0,0,0,6,0,0,0,2,1
1588,MB16CC054,0,0,0,6,0,0,0,2,1
1589,MB16CC054,0,0,0,6,0,0,0,2,1
1590,MB16CC054,0,0,0,6,0,0,0,2,1
1591,MB16CC054,8,0,0,6,0,0,0,2,1
1592,MB16CC054,4,5,6,1,5,4,0,2,1
1593,MB16CC054,0,0,0,6,0,0,0,2,1
1594,MB16CC054,0,0,0,6,0,0,0,2,1
1595,MB16CC054,5,7,4,5,2,3,1,0,0
1596,MB16CC054,1,4,4,5,4,3,1,1,0
1597,MB16CC054,8,0,0,6,0,0,0,2,1
1598,MB16CC054,4,5,6,1,5,4,0,2,1
1599,MB16CC054,2,1,5,0,1,1,2,1,0
1600,MB16CC054,2,1,5,0,1,1,2,1,0
1601,MB16CC054,2,1,5,0,1,1,2,1,0
1602,MB16CC054,0,0,0,6,0,0,0,2,1
1603,MB16CC054,0,0,0,6,0,0,0,2,1
1604,MB16CC054,0,0,0,6,0,0,0,2,1
1605,MB16CC054,8,0,0,6,0,0,0,2,1
1606,MB16CC054,2,1,5,0,1,1,2,1,0
1607,MB16CC054,5,7,2,2,2,3,1,0,0
1608,MB16CC054,1,4,4,5,4,3,1,1,0
1609,MB16CC054,0,0,0,6,0,0,0,2,1
1610,MB16CC054,2,1,5,0,1,1,2,1,0
1611,MB16CC054,0,0,0,6,0,0,0,2,1
1612,MB16CC054,9,2,2,2,2,2,1,0,0
1613,MB16CC054,6,3,3,1,5,4,3,2,1
1614,MB16CC054,0,0,0,6,0,0,0,2,1
1615,MB16CC054,0,0,0,6,0,0,0,2,1
1616,MB16CC054,0,0,0,6,0,0,0,2,1
1617,MB16CC054,7,6,1,4,4,1,2,1,0
1618,MB16CC054,4,5,6,1,5,4,3,2,1
1619,MB16CC054,2,1,5,0,1,1,2,1,0
1620,MB16CC054,9,2,2,2,2,2,1,0,0
1621,MB16CC054,8,0,0,6,0,0,0,2,1
1622,MB16CC054,6,3,3,1,5,4,3,2,1
1623,MB16CC054,7,6,1,4,1,1,2,1,0
1624,MB16CC054,0,0,0,6,0,0,0,2,1
1625,MB16CC054,1,4,4,5,4,3,1,0,0
1626,MB16CC055,0,0,0,6,0,0,0,2,1
1627,MB16CC055,0,0,0,6,0,0,0,2,1
1628,MB16CC055,2,1,5,0,1,1,2,1,0
1629,MB16CC055,1,4,4,5,4,3,1,1,0
1630,MB16CC055,5,7,2,2,2,3,1,0,0
1631,MB16CC055,5,7,4,5,4,3,1,0,0
1632,MB16CC055,0,0,0,6,0,0,0,2,1
1633,MB16CC055,7,6,1,4,1,1,2,1,0
1634,MB16CC055,5,7,4,5,4,3,1,0,0
1635,MB16CC055,5,7,4,5,4,3,1,0,0
1636,MB16CC055,0,0,0,6,0,0,0,2,1
1637,MB16CC055,0,0,0,6,0,0,0,2,1
1638,MB16CC055,0,0,0,6,0,0,0,2,1
1639,MB16CC055,2,1,5,0,1,1,2,1,0
1640,MB16CC055,0,0,0,6,0,0,0,2,1
1641,MB16CC055,7,6,1,0,1,1,2,1,0
1642,MB16CC055,7,6,1,4,1,1,2,1,0
1643,MB16CC055,9,2,2,2,2,2,1,0,0
1644,MB16CC055,4,5,6,1,5,4,0,2,1
1645,MB16CC055,7,6,1,4,4,1,2,1,0
1646,MB16CC055,5,7,2,5,2,3,1,0,0
1647,MB16CC055,2,1,5,0,1,1,2,1,0
1648,MB16CC055,1,4,1,4,4,3,2,1,0
1649,MB16CC055,4,5,6,1,5,4,3,2,1
1650,MB16CC055,5,7,2,5,2,3,1,0,0
1651,MB16CC055,7,6,1,4,4,3,2,1,0
1652,MB16CC055,2,1,5,0,1,1,2,1,0
1653,MB16CC055,2,1,5,0,1,1,2,1,0
1654,MB16CC055,9,2,2,2,2,2,1,0,0
1655,MB16CC055,0,0,0,6,0,0,0,2,1
1656,MB16CC055,8,0,0,6,0,0,0,2,1
1657,MB16CC055,0,0,0,6,0,0,0,2,1
1658,MB16CC055,2,1,5,0,1,1,2,1,0
1659,MB16CC055,1,4,4,5,4,3,1,1,0
1660,MB16CC055,7,6,1,4,4,1,2,1,0
1661,MB16CC055,0,0,0,6,0,0,0,2,1
1662,MB16CC055,5,7,4,5,2,3,1,0,0
1663,MB16CC055,9,2,2,2,2,2,1,0,0
1664,MB16CC055,2,1,5,0,1,1,2,1,0
1665,MB16CC055,7,6,1,4,1,1,2,1,0
1666,MB16CC055,7,6,5,0,1,1,2,1,0
1667,MB16CC055,0,0,0,6,0,0,0,2,1
1668,MB16CC055,0,0,0,6,0,0,0,2,1
1669,MB16CC055,1,4,1,4,4,3,1,1,0
1670,MB16CC055,0,0,0,6,0,0,0,2,1
1671,MB16CC056,0,0,0,6,0,0,0,2,1
1672,MB16CC056,0,0,0,6,0,0,0,2,1
1673,MB16CC056,0,0,0,6,0,0,0,2,1
1674,MB16CC056,0,0,0,6,0,0,0,2,1
1675,MB16CC056,0,0,0,6,0,0,0,2,1
1676,MB16CC056,0,0,0,6,0,0,0,2,1
1677,MB16CC056,1,4,4,5,4,3,1,0,0
1678,MB16CC056,0,0,0,6,0,0,0,2,1
1679,MB16CC056,0,0,0,6,0,0,0,2,1
1680,MB16CC056,8,0,6,6,0,0,0,2,1
1681,MB16CC056,8,0,0,6,0,0,0,2,1
1682,MB16CC056,0,0,0,6,0,0,0,2,1
1683,MB16CC056,0,0,0,6,0,0,0,2,1
1684,MB16CC056,0,0,0,6,0,0,0,2,1
1685,MB16CC056,0,0,0,6,0,0,0,2,1
1686,MB16CC056,0,0,0,6,0,0,0,2,1
1687,MB16CC056,0,0,0,6,0,0,0,2,1
1688,MB16CC056,0,0,0,6,0,0,0,2,1
1689,MB16CC056,0,0,0,6,0,0,0,2,1
1690,MB16CC056,0,0,0,6,0,0,0,2,1
1691,MB16CC056,0,0,0,6,0,0,0,2,1
1692,MB16CC056,0,0,0,6,0,0,0,2,1
1693,MB16CC056,0,0,0,6,0,0,0,2,1
1694,MB16CC056,0,0,0,6,0,0,0,2,1
1695,MB16CC056,0,0,0,6,0,0,0,2,1
1696,MB16CC056,0,0,0,6,0,0,0,2,1
1697,MB16CC056,0,0,0,6,0,0,0,2,1
1698,MB16CC056,0,0,0,6,0,0,0,2,1
1699,MB16CC056,6,3,3,1,5,4,3,2,1
1700,MB16CC056,0,0,0,6,0,0,0,2,1
1701,MB16CC056,0,0,0,6,0,0,0,2,1
1702,MB16CC056,0,0,0,6,0,0,0,2,1
1703,MB16CC056,0,0,0,6,0,0,0,2,1
1704,MB16CC056,0,0,0,6,0,0,0,2,1
1705,MB16CC056,0,0,0,6,0,0,0,2,1
1706,MB16CC056,0,0,0,6,0,0,0,2,1
1707,MB16CC056,0,0,0,6,0,0,0,2,1
1708,MB16CC056,0,0,0,6,0,0,0,2,1
1709,MB16CC056,0,0,0,6,0,0,0,2,1
1710,MB16CC056,0,0,0,6,0,0,0,2,1
1711,MB16CC056,0,0,0,6,0,0,0,2,1
1712,MB16CC056,0,0,0,6,0,0,0,2,1
1713,MB16CC056,0,0,0,6,0,0,0,2,1
1714,MB16CC056,0,0,0,6,0,0,0,2,1
1715,MB16CC056,0,0,0,6,0,0,0,2,1
1716,MB16CC057,0,0,0,6,0,0,0,2,1
1717,MB16CC057,0,0,0,6,0,0,0,2,1
1718,MB16CC057,0,0,0,6,0,0,0,2,1
1719,MB16CC057,0,0,0,6,0,0,0,2,1
1720,MB16CC057,0,0,0,6,0,0,0,2,1
1721,MB16CC057,0,0,0,6,0,0,0,2,1
1722,MB16CC057,0,0,0,6,0,0,0,2,1
1723,MB16CC057,0,0,0,6,0,0,0,2,1
1724,MB16CC057,0,0,0,6,0,0,0,2,1
1725,MB16CC057,0,0,0,6,0,0,0,2,1
1726,MB16CC057,0,0,0,6,0,0,0,2,1
1727,MB16CC057,0,0,0,6,0,0,0,2,1
1728,MB16CC057,0,0,0,6,0,0,0,2,1
1729,MB16CC057,0,0,0,6,0,0,0,2,1
1730,MB16CC057,0,0,0,6,0,0,0,2,1
1731,MB16CC057,0,0,0,6,0,0,0,2,1
1732,MB16CC057,0,0,0,6,0,0,0,2,1
1733,MB16CC057,0,0,0,6,0,0,0,2,1
1734,MB16CC057,0,0,0,6,0,0,0,2,1
1735,MB16CC057,0,0,0,6,0,0,0,2,1
1736,MB16CC057,0,0,0,6,0,0,0,2,1
1737,MB16CC057,0,0,0,6,0,0,0,2,1
1738,MB16CC057,0,0,0,6,0,0,0,2,1
1739,MB16CC057,0,0,0,6,0,0,0,2,1
1740,MB16CC057,0,0,0,6,0,0,0,2,1
1741,MB16CC057,0,0,0,6,0,0,0,2,1
1742,MB16CC057,0,0,0,6,0,0,0,2,1
1743,MB16CC057,3,8,7,3,3,2,3,0,1
1744,MB16CC057,4,5,6,1,5,4,0,2,1
1745,MB16CC057,0,0,0,6,0,0,0,2,1
1746,MB16CC058,0,0,0,6,0,0,0,2,1
1747,MB16CC058,2,1,5,0,1,1,2,1,0
1748,MB16CC058,0,0,0,6,0,0,0,2,1
1749,MB16CC058,0,0,0,6,0,0,0,2,1
1750,MB16CC058,8,0,0,6,0,0,0,2,1
1751,MB16CC058,0,0,0,6,0,0,0,2,1
1752,MB16CC058,0,0,0,6,0,0,0,2,1
1753,MB16CC058,0,0,0,6,0,0,0,2,1
1754,MB16CC058,2,1,5,0,1,1,2,1,0
1755,MB16CC058,9,2,2,2,2,2,1,0,0
1756,MB16CC058,0,0,0,6,0,0,0,2,1
1757,MB16CC058,0,0,0,6,0,0,0,2,1
1758,MB16CC058,0,0,0,6,0,0,0,2,1
1759,MB16CC058,4,5,6,1,5,4,0,2,1
1760,MB16CC058,2,1,5,0,1,1,2,1,0
1761,MB16CC058,0,0,0,6,0,0,0,2,1
1762,MB16CC058,0,0,0,6,0,0,0,2,1
1763,MB16CC058,0,0,0,6,0,0,0,2,1
1764,MB16CC058,4,5,6,1,5,4,0,2,1
1765,MB16CC058,0,0,0,6,0,0,0,2,1
1766,MB16CC058,8,0,0,6,0,0,0,2,1
1767,MB16CC058,0,0,0,6,0,0,0,2,1
1768,MB16CC058,0,0,0,6,0,0,0,2,1
1769,MB16CC058,0,0,0,6,0,0,0,2,1
1770,MB16CC058,0,0,0,6,0,0,0,2,1
1771,MB16CC058,2,1,5,0,1,1,2,1,0
1772,MB16CC058,2,1,5,0,1,1,2,1,0
1773,MB16CC058,0,0,0,6,0,0,0,2,1
1774,MB16CC058,0,0,0,6,0,0,0,2,1
1775,MB16CC058,0,0,0,6,0,0,0,2,1
1776,MB16CC060,0,0,0,6,0,0,0,2,1
1777,MB16CC060,4,5,6,1,5,4,0,2,1
1778,MB16CC060,3,8,7,3,3,2,3,0,1
1779,MB16CC060,2,1,5,0,1,1,2,1,0
1780,MB16CC060,0,0,0,6,0,0,0,2,1
1781,MB16CC060,0,0,0,6,0,0,0,2,1
1782,MB16CC060,0,0,0,6,0,0,0,2,1
1783,MB16CC060,0,0,0,6,0,0,0,2,1
1784,MB16CC060,0,0,0,6,0,0,0,2,1
1785,MB16CC060,0,0,0,6,0,0,0,2,1
1786,MB16CC060,6,3,3,1,5,4,3,2,1
1787,MB16CC060,0,0,0,6,0,0,0,2,1
1788,MB16CC060,0,0,0,6,0,0,0,2,1
1789,MB16CC060,0,0,0,6,0,0,0,2,1
1790,MB16CC060,0,0,0,6,0,0,0,2,1
1791,MB16CC060,0,0,0,6,0,0,0,2,1
1792,MB16CC060,0,0,0,6,0,0,0,2,1
1793,MB16CC060,0,0,0,6,0,0,0,2,1
1794,MB16CC060,0,0,0,6,0,0,0,2,1
1795,MB16CC060,8,0,0,6,0,0,0,2,1
1796,MB16CC060,0,0,0,6,0,0,0,2,1
1797,MB16CC060,0,0,0,6,0,0,0,2,1
1798,MB16CC060,0,0,0,6,0,0,0,2,1
1799,MB16CC060,0,0,0,6,0,0,0,2,1
1800,MB16CC063,1,7,4,5,4,3,1,0,0
1801,MB16CC063,2,1,5,0,1,1,2,1,0
1802,MB16CC063,0,0,0,6,0,0,0,2,1
1803,MB16CC063,0,0,0,6,0,0,0,2,1
1804,MB16CC063,0,0,0,6,0,0,0,2,1
1805,MB16CC063,5,7,2,2,2,3,1,0,0
1806,MB16CC063,0,0,0,6,0,0,0,2,1
1807,MB16CC063,2,1,5,0,1,1,2,1,0
1808,MB16CC063,7,6,5,0,1,1,2,1,0
1809,MB16CC063,0,0,0,6,0,0,0,2,1
1810,MB16CC063,0,0,0,6,0,0,0,2,1
1811,MB16CC063,9,2,2,2,2,2,1,0,0
1812,MB16CC063,2,1,5,0,1,1,2,1,0
1813,MB16CC063,5,7,2,5,2,3,1,0,0
1814,MB16CC063,2,1,5,0,1,1,2,1,0
1815,MB16CC063,0,0,0,6,0,0,0,2,1
1816,MB16CC063,0,0,0,6,0,0,0,2,1
1817,MB16CC063,2,1,5,0,1,1,2,1,0
1818,MB16CC063,6,3,3,1,5,4,3,2,1
1819,MB16CC063,0,0,0,6,0,0,0,2,1
1820,MB16CC063,5,7,4,5,4,3,1,0,0
1821,MB16CC063,4,5,6,1,5,4,0,2,1
1822,MB16CC063,2,1,5,0,1,1,2,1,0
1823,MB16CC063,0,0,0,6,0,0,0,2,1
1824,MB16CC063,0,0,0,6,0,0,0,2,1
1825,MB16CC063,0,0,0,6,0,0,0,2,1
1826,MB16CC063,0,0,0,6,0,0,0,2,1
1827,MB16CC063,2,1,5,0,1,1,2,1,0
1828,MB16CC063,0,0,0,6,0,0,0,2,1
1829,MB16CC063,0,0,0,6,0,0,0,2,1
1830,MB16CC063,2,1,5,0,1,1,2,1,0
1831,MB16CC063,5,7,2,2,2,3,1,0,0
1832,MB16CC063,0,0,0,6,0,0,0,2,1
1833,MB16CC063,0,0,0,6,0,0,0,2,1
1834,MB16CC063,2,1,5,0,1,1,2,1,0
1835,MB16CC063,5,7,4,5,4,3,1,0,0
1836,MB16CC063,0,0,0,6,0,0,0,2,1
1837,MB16CC063,0,0,0,6,0,0,0,2,1
1838,MB16CC063,7,6,1,4,1,1,2,1,0
1839,MB16CC063,0,0,0,6,0,0,0,2,1
1840,MB16CC063,9,8,7,2,3,2,3,0,1
1841,MB16CC063,0,0,0,6,0,0,0,2,1
1842,MB16CC063,4,5,6,1,5,4,3,2,1
1843,MB16CC063,5,7,2,2,2,3,1,0,0
1844,MB16CC063,1,4,4,5,4,3,1,1,0
1845,MB16CC064,0,0,0,6,0,0,0,2,1
1846,MB16CC064,6,3,3,1,5,4,3,2,1
1847,MB16CC064,0,0,0,6,0,0,0,2,1
1848,MB16CC064,0,0,0,6,0,0,0,2,1
1849,MB16CC064,0,0,0,6,0,0,0,2,1
1850,MB16CC064,0,0,0,6,0,0,0,2,1
1851,MB16CC064,0,0,0,6,0,0,0,2,1
1852,MB16CC064,0,0,0,6,0,0,0,2,1
1853,MB16CC064,0,0,0,6,0,0,0,2,1
1854,MB16CC064,0,0,0,6,0,0,0,2,1
1855,MB16CC064,0,0,0,6,0,0,0,2,1
1856,MB16CC064,0,0,0,6,0,0,0,2,1
1857,MB16CC064,0,0,0,6,0,0,0,2,1
1858,MB16CC064,0,0,0,6,0,0,0,2,1
1859,MB16CC064,6,3,3,1,5,4,3,2,1
1860,MB16CC064,0,0,0,6,0,0,0,2,1
1861,MB16CC064,0,0,0,6,0,0,0,2,1
1862,MB16CC064,0,0,0,6,0,0,0,2,1
1863,MB16CC064,0,0,0,6,0,0,0,2,1
1864,MB16CC064,2,1,5,0,1,1,2,1,0
1865,MB16CC064,0,0,0,6,0,0,0,2,1
1866,MB16CC064,0,0,0,6,0,0,0,2,1
1867,MB16CC064,2,1,5,0,1,1,2,1,0
1868,MB16CC064,0,0,0,6,0,0,0,2,1
1869,MB16CC064,0,0,0,6,0,0,0,2,1
1870,MB16CC064,8,0,0,6,0,0,0,2,1
1871,MB16CC064,0,0,0,6,0,0,0,2,1
1872,MB16CC064,7,6,1,4,4,1,2,1,0
1873,MB16CC064,0,0,0,6,0,0,0,2,1
1874,MB16CC064,0,0,0,6,0,0,0,2,1
1875,MB16CC065,0,0,0,6,0,0,0,2,1
1876,MB16CC065,0,0,0,6,0,0,0,2,1
1877,MB16CC065,0,0,0,6,0,0,0,2,1
1878,MB16CC065,0,0,0,6,0,0,0,2,1
1879,MB16CC065,0,0,0,6,0,0,0,2,1
1880,MB16CC065,0,0,0,6,0,0,0,2,1
1881,MB16CC065,0,0,0,6,0,0,0,2,1
1882,MB16CC065,0,0,0,6,0,0,0,2,1
1883,MB16CC065,0,0,0,6,0,0,0,2,1
1884,MB16CC065,2,1,5,0,1,1,2,1,0
1885,MB16CC065,0,0,0,6,0,0,0,2,1
1886,MB16CC065,0,0,0,6,0,0,0,2,1
1887,MB16CC065,0,0,0,6,0,0,0,2,1
1888,MB16CC065,0,0,0,6,0,0,0,2,1
1889,MB16CC065,0,0,0,6,0,0,0,2,1
1890,MB16CC065,0,0,0,6,0,0,0,2,1
1891,MB16CC065,4,5,6,1,5,4,0,2,1
1892,MB16CC065,0,0,0,6,0,0,0,2,1
1893,MB16CC065,0,0,0,6,0,0,0,2,1
1894,MB16CC065,8,0,0,6,0,0,0,2,1
1895,MB16CC065,0,0,0,6,0,0,0,2,1
1896,MB16CC065,0,0,0,6,0,0,0,2,1
1897,MB16CC065,0,0,0,6,0,0,0,2,1
1898,MB16CC065,0,0,0,6,0,0,0,2,1
1899,MB16CC065,3,8,7,3,3,2,3,0,1
1900,MB16CC065,3,8,7,3,3,2,3,0,1
1901,MB16CC065,0,0,0,6,0,0,0,2,1
1902,MB16CC065,0,0,0,6,0,0,0,2,1
1903,MB16CC065,6,3,3,1,5,4,3,2,1
1904,MB16CC065,0,0,0,6,0,0,0,2,1
1905,MB16CC065,0,0,0,6,0,0,0,2,1
1906,MB16CC065,0,0,0,6,0,0,0,2,1
1907,MB16CC065,0,0,0,6,0,0,0,2,1
1908,MB16CC065,8,0,0,6,0,0,0,2,1
1909,MB16CC065,0,0,0,6,0,0,0,2,1
1910,MB16CC065,2,1,5,0,1,1,2,1,0
1911,MB16CC065,0,0,0,6,0,0,0,2,1
1912,MB16CC065,0,0,0,6,0,0,0,2,1
1913,MB16CC065,3,8,7,3,3,2,3,0,1
1914,MB16CC065,5,7,4,5,4,3,1,0,0
1915,MB16CC065,0,0,0,6,0,0,0,2,1
1916,MB16CC065,0,0,0,6,0,0,0,2,1
1917,MB16CC065,0,0,0,6,0,0,0,2,1
1918,MB16CC065,0,0,0,6,0,0,0,2,1
1919,MB16CC065,0,0,0,6,0,0,0,2,1
1920,MB16CC065,3,8,7,3,3,2,3,0,1
1921,MB16CC065,0,0,0,6,0,0,0,2,1
1922,MB16CC066,0,0,0,6,0,0,0,2,1
1923,MB16CC066,0,0,0,6,0,0,0,2,1
1924,MB16CC066,0,0,0,6,0,0,0,2,1
1925,MB16CC066,0,0,0,6,0,0,0,2,1
1926,MB16CC066,0,0,0,6,0,0,0,2,1
1927,MB16CC066,0,0,0,6,0,0,0,2,1
1928,MB16CC066,0,0,0,6,0,0,0,2,1
1929,MB16CC066,0,0,0,6,0,0,0,2,1
1930,MB16CC066,0,0,0,6,0,0,0,2,1
1931,MB16CC066,0,0,0,6,0,0,0,2,1
1932,MB16CC066,0,0,0,6,0,0,0,2,1
1933,MB16CC066,0,0,0,6,0,0,0,2,1
1934,MB16CC066,0,0,0,6,0,0,0,2,1
1935,MB16CC066,0,0,0,6,0,0,0,2,1
1936,MB16CC066,0,0,0,6,0,0,0,2,1
1937,MB16CC066,6,3,3,1,5,4,3,2,1
1938,MB16CC066,0,0,0,6,0,0,0,2,1
1939,MB16CC066,0,0,0,6,0,0,0,2,1
1940,MB16CC066,0,0,0,6,0,0,0,2,1
1941,MB16CC066,8,0,0,6,0,0,0,2,1
1942,MB16CC066,0,0,0,6,0,0,0,2,1
1943,MB16CC066,0,0,0,6,0,0,0,2,1
1944,MB16CC066,0,0,0,6,0,0,0,2,1
1945,MB16CC066,4,5,6,1,5,4,0,2,1
1946,MB16CC066,3,8,7,3,3,2,3,0,1
1947,MB16CC066,1,4,4,5,4,3,1,1,0
1948,MB16CC066,0,0,0,6,0,0,0,2,1
1949,MB16CC066,8,5,6,6,0,0,0,2,1
1950,MB16CC066,0,0,0,6,0,0,0,2,1
1951,MB16CC066,0,0,0,6,0,0,0,2,1
1952,MB16CC066,0,0,0,6,0,0,0,2,1
1953,MB16CC068,0,0,0,6,0,0,0,2,1
1954,MB16CC068,0,0,0,6,0,0,0,2,1
1955,MB16CC068,0,0,0,6,0,0,0,2,1
1956,MB16CC068,0,0,0,6,0,0,0,2,1
1957,MB16CC068,0,0,0,6,0,0,0,2,1
1958,MB16CC068,0,0,0,6,0,0,0,2,1
1959,MB16CC068,0,0,0,6,0,0,0,2,1
1960,MB16CC068,0,0,0,6,0,0,0,2,1
1961,MB16CC068,0,0,0,6,0,0,0,2,1
1962,MB16CC068,0,0,0,6,0,0,0,2,1
1963,MB16CC068,0,0,0,6,0,0,0,2,1
1964,MB16CC068,0,0,0,6,0,0,0,2,1
1965,MB16CC068,0,0,0,6,0,0,0,2,1
1966,MB16CC068,0,0,0,6,0,0,0,2,1
1967,MB16CC068,0,0,0,6,0,0,0,2,1
1968,MB16CC068,0,0,0,6,0,0,0,2,1
1969,MB16CC070,0,0,0,6,0,0,0,2,1
1970,MB16CC070,4,5,3,1,5,4,3,2,1
1971,MB16CC070,0,0,0,6,0,0,0,2,1
1972,MB16CC070,0,0,0,6,0,0,0,2,1
1973,MB16CC070,0,0,0,6,0,0,0,2,1
1974,MB16CC070,0,0,0,6,0,0,0,2,1
1975,MB16CC070,0,0,0,6,0,0,0,2,1
1976,MB16CC070,0,0,0,6,0,0,0,2,1
1977,MB16CC070,8,0,0,6,0,0,0,2,1
1978,MB16CC070,0,0,0,6,0,0,0,2,1
1979,MB16CC070,0,0,0,6,0,0,0,2,1
1980,MB16CC070,6,3,3,3,3,4,3,0,1
1981,MB16CC070,0,0,0,6,0,0,0,2,1
1982,MB16CC070,0,0,0,6,0,0,0,2,1
1983,MB16CC070,0,0,0,6,0,0,0,2,1
1984,MB16CC070,0,0,0,6,0,0,0,2,1
1985,MB16CC070,0,0,0,6,0,0,0,2,1
1986,MB16CC071,0,0,0,6,0,0,0,2,1
1987,MB16CC071,0,0,0,6,0,0,0,2,1
1988,MB16CC071,0,0,0,6,0,0,0,2,1
1989,MB16CC071,0,0,0,6,0,0,0,2,1
1990,MB16CC071,0,0,0,6,0,0,0,2,1
1991,MB16CC071,2,1,5,0,1,1,2,1,0
1992,MB16CC071,4,5,6,1,5,4,0,2,1
1993,MB16CC071,0,0,0,6,0,0,0,2,1
1994,MB16CC071,0,0,0,6,0,0,0,2,1
1995,MB16CC071,8,5,6,6,0,0,0,2,1
1996,MB16CC071,1,4,4,5,4,3,1,0,0
1997,MB16CC071,0,0,0,6,0,0,0,2,1
1998,MB16CC071,0,0,0,6,0,0,0,2,1
1999,MB16CC071,0,0,0,6,0,0,0,2,1
2000,MB16CC071,0,0,0,6,0,0,0,2,1
2001,MB16CC071,0,0,0,6,0,0,0,2,1
2002,MB16CC071,0,0,0,6,0,0,0,2,1
2003,MB16CC071,4,5,6,1,5,4,0,2,1
2004,MB16CC071,0,0,0,6,0,0,0,2,1
2005,MB16CC071,2,1,5,0,1,1,2,1,0
2006,MB16CC071,0,0,0,6,0,0,0,2,1
2007,MB16CC071,6,3,3,1,5,4,3,2,1
2008,MB16CC071,7,6,5,0,1,1,2,1,0
2009,MB16CC071,2,1,5,0,1,1,2,1,0
2010,MB16CC071,0,0,0,6,0,0,0,2,1
2011,MB16CC071,0,0,0,6,0,0,0,2,1
2012,MB16CC071,0,0,0,6,0,0,0,2,1
2013,MB16CC071,0,0,0,6,0,0,0,2,1
2014,MB16CC071,0,0,0,6,0,0,0,2,1
2015,MB16CC071,0,0,0,6,0,0,0,2,1
2016,MB16CC071,0,0,0,6,0,0,0,2,1
2017,MB16CC072,0,0,0,6,0,0,0,2,1
2018,MB16CC072,0,0,0,6,0,0,0,2,1
2019,MB16CC072,0,0,0,6,0,0,0,2,1
2020,MB16CC072,0,0,0,6,0,0,0,2,1
2021,MB16CC072,0,0,0,6,0,0,0,2,1
2022,MB16CC072,0,0,0,6,0,0,0,2,1
2023,MB16CC072,0,0,0,6,0,0,0,2,1
2024,MB16CC072,0,0,0,6,0,0,0,2,1
2025,MB16CC072,0,0,0,6,0,0,0,2,1
2026,MB16CC072,0,0,0,6,0,0,0,2,1
2027,MB16CC072,0,0,0,6,0,0,0,2,1
2028,MB16CC072,0,0,0,6,0,0,0,2,1
2029,MB16CC072,0,0,0,6,0,0,0,2,1
2030,MB16CC072,0,0,0,6,0,0,0,2,1
2031,MB16CC072,0,0,0,6,0,0,0,2,1
2032,MB16CC072,0,0,0,6,0,0,0,2,1
2033,MB16CC072,0,0,0,6,0,0,0,2,1
2034,MB16CC072,0,0,0,6,0,0,0,2,1
2035,MB16CC072,0,0,0,6,0,0,0,2,1
2036,MB16CC072,0,0,0,6,0,0,0,2,1
2037,MB16CC072,0,0,0,6,0,0,0,2,1
2038,MB16CC072,0,0,0,6,0,0,0,2,1
2039,MB16CC072,7,6,1,4,1,1,2,1,0
2040,MB16CC072,0,0,0,6,0,0,0,2,1
2041,MB16CC072,0,0,0,6,0,0,0,2,1
2042,MB16CC072,0,0,0,6,0,0,0,2,1
2043,MB16CC072,0,0,0,6,0,0,0,2,1
2044,MB16CC072,0,0,0,6,0,0,0,2,1
2045,MB16CC072,0,0,0,6,0,0,0,2,1
2046,MB16CC072,0,0,0,6,0,0,0,2,1
2047,MB16CC072,6,3,3,1,5,4,3,2,1
